theta0,phi0,omega_theta,omega_phi,drift_theta,drift_phi
-3.141592653589793,0.05,0.10052834014687623,2.161418370437774,7.999680042825525e-05,7.999345221753161e-05
-3.141592653589793,0.05,0.10052834014687623,2.161418370437774,7.999680042825525e-05,7.999345221753161e-05
-3.141592653589793,0.06633099226201031,0.10052834014687623,2.161418370437774,7.999680042825525e-05,7.999345221753161e-05
-3.141592653589793,0.06633099226201031,0.10052834014687623,2.161418370437774,7.999680042825525e-05,7.999345221753161e-05
-3.141592653589793,0.0826619845240206,0.10052834014687623,2.161418370437774,7.999680042825525e-05,7.999345221753161e-05
-3.141592653589793,0.0826619845240206,0.10052834014687623,2.161418370437774,7.999680042825525e-05,7.999345221753161e-05
-3.141592653589793,0.0989929767860309,0.10052834014687623,2.161418370437774,7.999680042825525e-05,7.999345221753161e-05
-3.141592653589793,0.0989929767860309,0.10052834014687623,2.161418370437774,7.999680042825525e-05,7.999345221753161e-05
-3.141592653589793,0.11532396904804121,0.10052834014687623,2.161418370437774,7.999680042825525e-05,7.999345221753161e-05
-3.141592653589793,0.11532396904804121,0.10052834014687623,2.161418370437774,7.999680042825525e-05,7.999345221753161e-05
-3.141592653589793,0.1316549613100515,0.10052834014687623,2.161418370437774,7.999680042825525e-05,7.999345221753161e-05
-3.141592653589793,0.1316549613100515,0.10052834014687623,2.161418370437774,7.999680042825525e-05,7.999345221753161e-05
-3.141592653589793,0.1479859535720618,0.10052834014687623,2.261944085816654,7.999680042825525e-05,7.999374321584398e-05
-3.141592653589793,0.1479859535720618,0.10052834014687623,2.261944085816654,7.999680042825525e-05,7.999374321584398e-05
-3.141592653589793,0.1643169458340721,0.10052834014687623,2.261944085816654,7.999680042825525e-05,7.999374321584398e-05
-3.141592653589793,0.1643169458340721,0.10052834014687623,2.261944085816654,7.999680042825525e-05,7.999374321584398e-05
-3.141592653589793,0.18064793809608243,0.10052834014687623,2.261944085816654,7.999680042825525e-05,7.999374321584398e-05
-3.141592653589793,0.18064793809608243,0.10052834014687623,2.261944085816654,7.999680042825525e-05,7.999374321584398e-05
-3.141592653589793,0.19697893035809272,0.10052834014687623,2.261944085816654,7.999680042825525e-05,7.999374321584398e-05
-3.141592653589793,0.19697893035809272,0.10052834014687623,2.261944085816654,7.999680042825525e-05,7.999374321584398e-05
-3.141592653589793,0.213309922620103,0.10052834014687623,2.261944085816654,7.999680042825525e-05,7.999374321584398e-05
-3.141592653589793,0.213309922620103,0.10052834014687623,2.261944085816654,7.999680042825525e-05,7.999374321584398e-05
-3.141592653589793,0.2296409148821133,0.10052834014687623,2.261944085816654,7.999680042825525e-05,7.999374321584398e-05
-3.141592653589793,0.2296409148821133,0.10052834014687623,2.261944085816654,7.999680042825525e-05,7.999374321584398e-05
-3.141592653589793,0.2459719071441236,0.10052834014687623,2.261944085816654,7.999680042825525e-05,7.999374321584398e-05
-3.141592653589793,0.2459719071441236,0.10052834014687623,2.261944085816654,7.999680042825525e-05,7.999374321584398e-05
-3.141592653589793,0.26230289940613394,0.10052834014687623,2.261944085816654,7.999680042825525e-05,7.999374321584398e-05
-3.141592653589793,0.26230289940613394,0.10052834014687623,2.261944085816654,7.999680042825525e-05,7.999374321584398e-05
-3.141592653589793,0.27863389166814423,0.10052834014687623,2.261944085816654,7.999680042825525e-05,7.999374321584398e-05
-3.141592653589793,0.27863389166814423,0.10052834014687623,2.261944085816654,7.999680042825525e-05,7.999374321584398e-05
-3.141592653589793,0.2949648839301545,0.10052834014687623,2.261944085816654,7.999680042825525e-05,7.999374321584398e-05
-3.141592653589793,0.2949648839301545,0.10052834014687623,2.261944085816654,7.999680042825525e-05,7.999374321584398e-05
-3.141592653589793,0.3112958761921648,0.10052834014687623,2.261944085816654,7.999680042825525e-05,7.999374321584398e-05
-3.141592653589793,0.3112958761921648,0.10052834014687623,2.261944085816654,7.999680042825525e-05,7.999374321584398e-05
-3.141592653589793,0.3276268684541751,0.10052834014687623,2.261944085816654,7.999680042825525e-05,7.999374321584398e-05
-3.141592653589793,0.3276268684541751,0.10052834014687623,2.261944085816654,7.999680042825525e-05,7.999374321584398e-05
-3.141592653589793,0.3439578607161854,0.10052834014687623,2.261944085816654,7.999680042825525e-05,7.999374321584398e-05
-3.141592653589793,0.3439578607161854,0.10052834014687623,2.261944085816654,7.999680042825525e-05,7.999374321584398e-05
-3.141592653589793,0.36028885297819574,0.10052834014687623,2.261944085816654,7.999680042825525e-05,7.999374321584398e-05
-3.141592653589793,0.36028885297819574,0.10052834014687623,2.261944085816654,7.999680042825525e-05,7.999374321584398e-05
-3.141592653589793,0.37661984524020603,0.10052834014687623,2.261944085816654,7.999680042825525e-05,7.999374321584398e-05
-3.141592653589793,0.37661984524020603,0.10052834014687623,2.261944085816654,7.999680042825525e-05,7.999374321584398e-05
-3.141592653589793,0.3929508375022163,0.10052834014687623,2.261944085816654,7.999680042825525e-05,7.999374321584398e-05
-3.141592653589793,0.3929508375022163,0.10052834014687623,2.261944085816654,7.999680042825525e-05,7.999374321584398e-05
-3.141592653589793,0.4092818297642266,0.10052834014687623,2.261944085816654,7.999680042825525e-05,7.999374321584398e-05
-3.141592653589793,0.4092818297642266,0.10052834014687623,2.261944085816654,7.999680042825525e-05,7.999374321584398e-05
-3.141592653589793,0.4256128220262369,0.10052834014687623,2.261944085816654,7.999680042825525e-05,7.999374321584398e-05
-3.141592653589793,0.4256128220262369,0.10052834014687623,2.261944085816654,7.999680042825525e-05,7.999374321584398e-05
-3.141592653589793,0.4419438142882472,0.10052834014687623,2.111152887980338,7.999680042825525e-05,7.999344867485193e-05
-3.141592653589793,0.4419438142882472,0.10052834014687623,2.111152887980338,7.999680042825525e-05,7.999344867485193e-05
-3.141592653589793,0.45827480655025754,0.10052834014687623,2.111152887980338,7.999680042825525e-05,7.999344867485193e-05
-3.141592653589793,0.45827480655025754,0.10052834014687623,2.111152887980338,7.999680042825525e-05,7.999344867485193e-05
-3.141592653589793,0.47460579881226783,0.10052834014687623,2.111152887980338,7.999680042825525e-05,7.999344867485193e-05
-3.141592653589793,0.47460579881226783,0.10052834014687623,2.111152887980338,7.999680042825525e-05,7.999344867485193e-05
-3.141592653589793,0.4909367910742781,0.10052834014687623,2.111152887980338,7.999680042825525e-05,7.999344867485193e-05
-3.141592653589793,0.4909367910742781,0.10052834014687623,2.111152887980338,7.999680042825525e-05,7.999344867485193e-05
-3.141592653589793,0.5072677833362884,0.10052834014687623,2.111152887980338,7.999680042825525e-05,7.999344867485193e-05
-3.141592653589793,0.5072677833362884,0.10052834014687623,2.111152887980338,7.999680042825525e-05,7.999344867485193e-05
-2.9249310912732556,0.05,0.10052834014687623,2.161418370437774,7.999680042825525e-05,7.999345221753161e-05
-2.9249310912732556,0.05,0.10052834014687623,2.161418370437774,7.999680042825525e-05,7.999345221753161e-05
-2.9249310912732556,0.06633099226201031,0.10052834014687623,2.161418370437774,7.999680042825525e-05,7.999345221753161e-05
-2.9249310912732556,0.06633099226201031,0.10052834014687623,2.161418370437774,7.999680042825525e-05,7.999345221753161e-05
-2.9249310912732556,0.0826619845240206,0.10052834014687623,2.161418370437774,7.999680042825525e-05,7.999345221753161e-05
-2.9249310912732556,0.0826619845240206,0.10052834014687623,2.161418370437774,7.999680042825525e-05,7.999345221753161e-05
-2.9249310912732556,0.0989929767860309,0.10052834014687623,2.161418370437774,7.999680042825525e-05,7.999345221753161e-05
-2.9249310912732556,0.0989929767860309,0.10052834014687623,2.161418370437774,7.999680042825525e-05,7.999345221753161e-05
-2.9249310912732556,0.11532396904804121,0.10052834014687623,2.161418370437774,7.999680042825525e-05,7.999345221753161e-05
-2.9249310912732556,0.11532396904804121,0.10052834014687623,2.161418370437774,7.999680042825525e-05,7.999345221753161e-05
-2.9249310912732556,0.1316549613100515,0.10052834014687623,2.161418370437774,7.999680042825525e-05,7.999345221753161e-05
-2.9249310912732556,0.1316549613100515,0.10052834014687623,2.161418370437774,7.999680042825525e-05,7.999345221753161e-05
-2.9249310912732556,0.1479859535720618,0.10052834014687623,2.261944085816654,7.999680042825525e-05,7.999374321584398e-05
-2.9249310912732556,0.1479859535720618,0.10052834014687623,2.261944085816654,7.999680042825525e-05,7.999374321584398e-05
-2.9249310912732556,0.1643169458340721,0.10052834014687623,2.261944085816654,7.999680042825525e-05,7.999374321584398e-05
-2.9249310912732556,0.1643169458340721,0.10052834014687623,2.261944085816654,7.999680042825525e-05,7.999374321584398e-05
-2.9249310912732556,0.18064793809608243,0.10052834014687623,2.261944085816654,7.999680042825525e-05,7.999374321584398e-05
-2.9249310912732556,0.18064793809608243,0.10052834014687623,2.261944085816654,7.999680042825525e-05,7.999374321584398e-05
-2.9249310912732556,0.19697893035809272,0.10052834014687623,2.261944085816654,7.999680042825525e-05,7.999374321584398e-05
-2.9249310912732556,0.19697893035809272,0.10052834014687623,2.261944085816654,7.999680042825525e-05,7.999374321584398e-05
-2.9249310912732556,0.213309922620103,0.10052834014687623,2.261944085816654,7.999680042825525e-05,7.999374321584398e-05
-2.9249310912732556,0.213309922620103,0.10052834014687623,2.261944085816654,7.999680042825525e-05,7.999374321584398e-05
-2.9249310912732556,0.2296409148821133,0.10052834014687623,2.261944085816654,7.999680042825525e-05,7.999374321584398e-05
-2.9249310912732556,0.2296409148821133,0.10052834014687623,2.261944085816654,7.999680042825525e-05,7.999374321584398e-05
-2.9249310912732556,0.2459719071441236,0.10052834014687623,2.261944085816654,7.999680042825525e-05,7.999374321584398e-05
-2.9249310912732556,0.2459719071441236,0.10052834014687623,2.261944085816654,7.999680042825525e-05,7.999374321584398e-05
-2.9249310912732556,0.26230289940613394,0.10052834014687623,2.261944085816654,7.999680042825525e-05,7.999374321584398e-05
-2.9249310912732556,0.26230289940613394,0.10052834014687623,2.261944085816654,7.999680042825525e-05,7.999374321584398e-05
-2.9249310912732556,0.27863389166814423,0.10052834014687623,2.261944085816654,7.999680042825525e-05,7.999374321584398e-05
-2.9249310912732556,0.27863389166814423,0.10052834014687623,2.261944085816654,7.999680042825525e-05,7.999374321584398e-05
-2.9249310912732556,0.2949648839301545,0.10052834014687623,2.261944085816654,7.999680042825525e-05,7.999374321584398e-05
-2.9249310912732556,0.2949648839301545,0.10052834014687623,2.261944085816654,7.999680042825525e-05,7.999374321584398e-05
-2.9249310912732556,0.3112958761921648,0.10052834014687623,2.261944085816654,7.999680042825525e-05,7.999374321584398e-05
-2.9249310912732556,0.3112958761921648,0.10052834014687623,2.261944085816654,7.999680042825525e-05,7.999374321584398e-05
-2.9249310912732556,0.3276268684541751,0.10052834014687623,2.261944085816654,7.999680042825525e-05,7.999374321584398e-05
-2.9249310912732556,0.3276268684541751,0.10052834014687623,2.261944085816654,7.999680042825525e-05,7.999374321584398e-05
-2.9249310912732556,0.3439578607161854,0.10052834014687623,2.261944085816654,7.999680042825525e-05,7.999374321584398e-05
-2.9249310912732556,0.3439578607161854,0.10052834014687623,2.261944085816654,7.999680042825525e-05,7.999374321584398e-05
-2.9249310912732556,0.36028885297819574,0.10052834014687623,2.261944085816654,7.999680042825525e-05,7.999374321584398e-05
-2.9249310912732556,0.36028885297819574,0.10052834014687623,2.261944085816654,7.999680042825525e-05,7.999374321584398e-05
-2.9249310912732556,0.37661984524020603,0.10052834014687623,2.261944085816654,7.999680042825525e-05,7.999374321584398e-05
-2.9249310912732556,0.37661984524020603,0.10052834014687623,2.261944085816654,7.999680042825525e-05,7.999374321584398e-05
-2.9249310912732556,0.3929508375022163,0.10052834014687623,2.261944085816654,7.999680042825525e-05,7.999374321584398e-05
-2.9249310912732556,0.3929508375022163,0.10052834014687623,2.261944085816654,7.999680042825525e-05,7.999374321584398e-05
-2.9249310912732556,0.4092818297642266,0.10052834014687623,2.261944085816654,7.999680042825525e-05,7.999374321584398e-05
-2.9249310912732556,0.4092818297642266,0.10052834014687623,2.261944085816654,7.999680042825525e-05,7.999374321584398e-05
-2.9249310912732556,0.4256128220262369,0.10052834014687623,2.261944085816654,7.999680042825525e-05,7.999374321584398e-05
-2.9249310912732556,0.4256128220262369,0.10052834014687623,2.261944085816654,7.999680042825525e-05,7.999374321584398e-05
-2.9249310912732556,0.4419438142882472,0.10052834014687623,2.111152887980338,7.999680042825525e-05,7.999344867485193e-05
-2.9249310912732556,0.4419438142882472,0.10052834014687623,2.111152887980338,7.999680042825525e-05,7.999344867485193e-05
-2.9249310912732556,0.45827480655025754,0.10052834014687623,2.111152887980338,7.999680042825525e-05,7.999344867485193e-05
-2.9249310912732556,0.45827480655025754,0.10052834014687623,2.111152887980338,7.999680042825525e-05,7.999344867485193e-05
-2.9249310912732556,0.47460579881226783,0.10052834014687623,2.111152887980338,7.999680042825525e-05,7.999344867485193e-05
-2.9249310912732556,0.47460579881226783,0.10052834014687623,2.111152887980338,7.999680042825525e-05,7.999344867485193e-05
-2.9249310912732556,0.4909367910742781,0.10052834014687623,2.111152887980338,7.999680042825525e-05,7.999344867485193e-05
-2.9249310912732556,0.4909367910742781,0.10052834014687623,2.111152887980338,7.999680042825525e-05,7.999344867485193e-05
-2.9249310912732556,0.5072677833362884,0.10052834014687623,2.111152887980338,7.999680042825525e-05,7.999344867485193e-05
-2.9249310912732556,0.5072677833362884,0.10052834014687623,2.111152887980338,7.999680042825525e-05,7.999344867485193e-05
-2.708269528956718,0.05,0.10052834014687623,2.161418370437774,7.999680042825525e-05,7.999345221753161e-05
-2.708269528956718,0.05,0.10052834014687623,2.161418370437774,7.999680042825525e-05,7.999345221753161e-05
-2.708269528956718,0.06633099226201031,0.10052834014687623,2.161418370437774,7.999680042825525e-05,7.999345221753161e-05
-2.708269528956718,0.06633099226201031,0.10052834014687623,2.161418370437774,7.999680042825525e-05,7.999345221753161e-05
-2.708269528956718,0.0826619845240206,0.10052834014687623,2.161418370437774,7.999680042825525e-05,7.999345221753161e-05
-2.708269528956718,0.0826619845240206,0.10052834014687623,2.161418370437774,7.999680042825525e-05,7.999345221753161e-05
-2.708269528956718,0.0989929767860309,0.10052834014687623,2.161418370437774,7.999680042825525e-05,7.999345221753161e-05
-2.708269528956718,0.0989929767860309,0.10052834014687623,2.161418370437774,7.999680042825525e-05,7.999345221753161e-05
-2.708269528956718,0.11532396904804121,0.10052834014687623,2.161418370437774,7.999680042825525e-05,7.999345221753161e-05
-2.708269528956718,0.11532396904804121,0.10052834014687623,2.161418370437774,7.999680042825525e-05,7.999345221753161e-05
-2.708269528956718,0.1316549613100515,0.10052834014687623,2.161418370437774,7.999680042825525e-05,7.999345221753161e-05
-2.708269528956718,0.1316549613100515,0.10052834014687623,2.161418370437774,7.999680042825525e-05,7.999345221753161e-05
-2.708269528956718,0.1479859535720618,0.10052834014687623,2.261944085816654,7.999680042825525e-05,7.999374321584398e-05
-2.708269528956718,0.1479859535720618,0.10052834014687623,2.261944085816654,7.999680042825525e-05,7.999374321584398e-05
-2.708269528956718,0.1643169458340721,0.10052834014687623,2.261944085816654,7.999680042825525e-05,7.999374321584398e-05
-2.708269528956718,0.1643169458340721,0.10052834014687623,2.261944085816654,7.999680042825525e-05,7.999374321584398e-05
-2.708269528956718,0.18064793809608243,0.10052834014687623,2.261944085816654,7.999680042825525e-05,7.999374321584398e-05
-2.708269528956718,0.18064793809608243,0.10052834014687623,2.261944085816654,7.999680042825525e-05,7.999374321584398e-05
-2.708269528956718,0.19697893035809272,0.10052834014687623,2.261944085816654,7.999680042825525e-05,7.999374321584398e-05
-2.708269528956718,0.19697893035809272,0.10052834014687623,2.261944085816654,7.999680042825525e-05,7.999374321584398e-05
-2.708269528956718,0.213309922620103,0.10052834014687623,2.261944085816654,7.999680042825525e-05,7.999374321584398e-05
-2.708269528956718,0.213309922620103,0.10052834014687623,2.261944085816654,7.999680042825525e-05,7.999374321584398e-05
-2.708269528956718,0.2296409148821133,0.10052834014687623,2.261944085816654,7.999680042825525e-05,7.999374321584398e-05
-2.708269528956718,0.2296409148821133,0.10052834014687623,2.261944085816654,7.999680042825525e-05,7.999374321584398e-05
-2.708269528956718,0.2459719071441236,0.10052834014687623,2.261944085816654,7.999680042825525e-05,7.999374321584398e-05
-2.708269528956718,0.2459719071441236,0.10052834014687623,2.261944085816654,7.999680042825525e-05,7.999374321584398e-05
-2.708269528956718,0.26230289940613394,0.10052834014687623,2.261944085816654,7.999680042825525e-05,7.999374321584398e-05
-2.708269528956718,0.26230289940613394,0.10052834014687623,2.261944085816654,7.999680042825525e-05,7.999374321584398e-05
-2.708269528956718,0.27863389166814423,0.10052834014687623,2.261944085816654,7.999680042825525e-05,7.999374321584398e-05
-2.708269528956718,0.27863389166814423,0.10052834014687623,2.261944085816654,7.999680042825525e-05,7.999374321584398e-05
-2.708269528956718,0.2949648839301545,0.10052834014687623,2.261944085816654,7.999680042825525e-05,7.999374321584398e-05
-2.708269528956718,0.2949648839301545,0.10052834014687623,2.261944085816654,7.999680042825525e-05,7.999374321584398e-05
-2.708269528956718,0.3112958761921648,0.10052834014687623,2.261944085816654,7.999680042825525e-05,7.999374321584398e-05
-2.708269528956718,0.3112958761921648,0.10052834014687623,2.261944085816654,7.999680042825525e-05,7.999374321584398e-05
-2.708269528956718,0.3276268684541751,0.10052834014687623,2.261944085816654,7.999680042825525e-05,7.999374321584398e-05
-2.708269528956718,0.3276268684541751,0.10052834014687623,2.261944085816654,7.999680042825525e-05,7.999374321584398e-05
-2.708269528956718,0.3439578607161854,0.10052834014687623,2.261944085816654,7.999680042825525e-05,7.999374321584398e-05
-2.708269528956718,0.3439578607161854,0.10052834014687623,2.261944085816654,7.999680042825525e-05,7.999374321584398e-05
-2.708269528956718,0.36028885297819574,0.10052834014687623,2.261944085816654,7.999680042825525e-05,7.999374321584398e-05
-2.708269528956718,0.36028885297819574,0.10052834014687623,2.261944085816654,7.999680042825525e-05,7.999374321584398e-05
-2.708269528956718,0.37661984524020603,0.10052834014687623,2.261944085816654,7.999680042825525e-05,7.999374321584398e-05
-2.708269528956718,0.37661984524020603,0.10052834014687623,2.261944085816654,7.999680042825525e-05,7.999374321584398e-05
-2.708269528956718,0.3929508375022163,0.10052834014687623,2.261944085816654,7.999680042825525e-05,7.999374321584398e-05
-2.708269528956718,0.3929508375022163,0.10052834014687623,2.261944085816654,7.999680042825525e-05,7.999374321584398e-05
-2.708269528956718,0.4092818297642266,0.10052834014687623,2.261944085816654,7.999680042825525e-05,7.999374321584398e-05
-2.708269528956718,0.4092818297642266,0.10052834014687623,2.261944085816654,7.999680042825525e-05,7.999374321584398e-05
-2.708269528956718,0.4256128220262369,0.10052834014687623,2.261944085816654,7.999680042825525e-05,7.999374321584398e-05
-2.708269528956718,0.4256128220262369,0.10052834014687623,2.261944085816654,7.999680042825525e-05,7.999374321584398e-05
-2.708269528956718,0.4419438142882472,0.10052834014687623,2.111152887980338,7.999680042825525e-05,7.999344867485193e-05
-2.708269528956718,0.4419438142882472,0.10052834014687623,2.111152887980338,7.999680042825525e-05,7.999344867485193e-05
-2.708269528956718,0.45827480655025754,0.10052834014687623,2.111152887980338,7.999680042825525e-05,7.999344867485193e-05
-2.708269528956718,0.45827480655025754,0.10052834014687623,2.111152887980338,7.999680042825525e-05,7.999344867485193e-05
-2.708269528956718,0.47460579881226783,0.10052834014687623,2.111152887980338,7.999680042825525e-05,7.999344867485193e-05
-2.708269528956718,0.47460579881226783,0.10052834014687623,2.111152887980338,7.999680042825525e-05,7.999344867485193e-05
-2.708269528956718,0.4909367910742781,0.10052834014687623,2.111152887980338,7.999680042825525e-05,7.999344867485193e-05
-2.708269528956718,0.4909367910742781,0.10052834014687623,2.111152887980338,7.999680042825525e-05,7.999344867485193e-05
-2.708269528956718,0.5072677833362884,0.10052834014687623,2.111152887980338,7.999680042825525e-05,7.999344867485193e-05
-2.708269528956718,0.5072677833362884,0.10052834014687623,2.111152887980338,7.999680042825525e-05,7.999344867485193e-05
-2.4916079666401805,0.05,0.10052834014687623,2.161418370437774,7.999680042825525e-05,7.999345221753161e-05
-2.4916079666401805,0.05,0.10052834014687623,2.161418370437774,7.999680042825525e-05,7.999345221753161e-05
-2.4916079666401805,0.06633099226201031,0.10052834014687623,2.161418370437774,7.999680042825525e-05,7.999345221753161e-05
-2.4916079666401805,0.06633099226201031,0.10052834014687623,2.161418370437774,7.999680042825525e-05,7.999345221753161e-05
-2.4916079666401805,0.0826619845240206,0.10052834014687623,2.161418370437774,7.999680042825525e-05,7.999345221753161e-05
-2.4916079666401805,0.0826619845240206,0.10052834014687623,2.161418370437774,7.999680042825525e-05,7.999345221753161e-05
-2.4916079666401805,0.0989929767860309,0.10052834014687623,2.161418370437774,7.999680042825525e-05,7.999345221753161e-05
-2.4916079666401805,0.0989929767860309,0.10052834014687623,2.161418370437774,7.999680042825525e-05,7.999345221753161e-05
-2.4916079666401805,0.11532396904804121,0.10052834014687623,2.161418370437774,7.999680042825525e-05,7.999345221753161e-05
-2.4916079666401805,0.11532396904804121,0.10052834014687623,2.161418370437774,7.999680042825525e-05,7.999345221753161e-05
-2.4916079666401805,0.1316549613100515,0.10052834014687623,2.161418370437774,7.999680042825525e-05,7.999345221753161e-05
-2.4916079666401805,0.1316549613100515,0.10052834014687623,2.161418370437774,7.999680042825525e-05,7.999345221753161e-05
-2.4916079666401805,0.1479859535720618,0.10052834014687623,2.261944085816654,7.999680042825525e-05,7.999374321584398e-05
-2.4916079666401805,0.1479859535720618,0.10052834014687623,2.261944085816654,7.999680042825525e-05,7.999374321584398e-05
-2.4916079666401805,0.1643169458340721,0.10052834014687623,2.261944085816654,7.999680042825525e-05,7.999374321584398e-05
-2.4916079666401805,0.1643169458340721,0.10052834014687623,2.261944085816654,7.999680042825525e-05,7.999374321584398e-05
-2.4916079666401805,0.18064793809608243,0.10052834014687623,2.261944085816654,7.999680042825525e-05,7.999374321584398e-05
-2.4916079666401805,0.18064793809608243,0.10052834014687623,2.261944085816654,7.999680042825525e-05,7.999374321584398e-05
-2.4916079666401805,0.19697893035809272,0.10052834014687623,2.261944085816654,7.999680042825525e-05,7.999374321584398e-05
-2.4916079666401805,0.19697893035809272,0.10052834014687623,2.261944085816654,7.999680042825525e-05,7.999374321584398e-05
-2.4916079666401805,0.213309922620103,0.10052834014687623,2.261944085816654,7.999680042825525e-05,7.999374321584398e-05
-2.4916079666401805,0.213309922620103,0.10052834014687623,2.261944085816654,7.999680042825525e-05,7.999374321584398e-05
-2.4916079666401805,0.2296409148821133,0.10052834014687623,2.261944085816654,7.999680042825525e-05,7.999374321584398e-05
-2.4916079666401805,0.2296409148821133,0.10052834014687623,2.261944085816654,7.999680042825525e-05,7.999374321584398e-05
-2.4916079666401805,0.2459719071441236,0.10052834014687623,2.261944085816654,7.999680042825525e-05,7.999374321584398e-05
-2.4916079666401805,0.2459719071441236,0.10052834014687623,2.261944085816654,7.999680042825525e-05,7.999374321584398e-05
-2.4916079666401805,0.26230289940613394,0.10052834014687623,2.261944085816654,7.999680042825525e-05,7.999374321584398e-05
-2.4916079666401805,0.26230289940613394,0.10052834014687623,2.261944085816654,7.999680042825525e-05,7.999374321584398e-05
-2.4916079666401805,0.27863389166814423,0.10052834014687623,2.261944085816654,7.999680042825525e-05,7.999374321584398e-05
-2.4916079666401805,0.27863389166814423,0.10052834014687623,2.261944085816654,7.999680042825525e-05,7.999374321584398e-05
-2.4916079666401805,0.2949648839301545,0.10052834014687623,2.261944085816654,7.999680042825525e-05,7.999374321584398e-05
-2.4916079666401805,0.2949648839301545,0.10052834014687623,2.261944085816654,7.999680042825525e-05,7.999374321584398e-05
-2.4916079666401805,0.3112958761921648,0.10052834014687623,2.261944085816654,7.999680042825525e-05,7.999374321584398e-05
-2.4916079666401805,0.3112958761921648,0.10052834014687623,2.261944085816654,7.999680042825525e-05,7.999374321584398e-05
-2.4916079666401805,0.3276268684541751,0.10052834014687623,2.261944085816654,7.999680042825525e-05,7.999374321584398e-05
-2.4916079666401805,0.3276268684541751,0.10052834014687623,2.261944085816654,7.999680042825525e-05,7.999374321584398e-05
-2.4916079666401805,0.3439578607161854,0.10052834014687623,2.261944085816654,7.999680042825525e-05,7.999374321584398e-05
-2.4916079666401805,0.3439578607161854,0.10052834014687623,2.261944085816654,7.999680042825525e-05,7.999374321584398e-05
-2.4916079666401805,0.36028885297819574,0.10052834014687623,2.261944085816654,7.999680042825525e-05,7.999374321584398e-05
-2.4916079666401805,0.36028885297819574,0.10052834014687623,2.261944085816654,7.999680042825525e-05,7.999374321584398e-05
-2.4916079666401805,0.37661984524020603,0.10052834014687623,2.261944085816654,7.999680042825525e-05,7.999374321584398e-05
-2.4916079666401805,0.37661984524020603,0.10052834014687623,2.261944085816654,7.999680042825525e-05,7.999374321584398e-05
-2.4916079666401805,0.3929508375022163,0.10052834014687623,2.261944085816654,7.999680042825525e-05,7.999374321584398e-05
-2.4916079666401805,0.3929508375022163,0.10052834014687623,2.261944085816654,7.999680042825525e-05,7.999374321584398e-05
-2.4916079666401805,0.4092818297642266,0.10052834014687623,2.261944085816654,7.999680042825525e-05,7.999374321584398e-05
-2.4916079666401805,0.4092818297642266,0.10052834014687623,2.261944085816654,7.999680042825525e-05,7.999374321584398e-05
-2.4916079666401805,0.4256128220262369,0.10052834014687623,2.261944085816654,7.999680042825525e-05,7.999374321584398e-05
-2.4916079666401805,0.4256128220262369,0.10052834014687623,2.261944085816654,7.999680042825525e-05,7.999374321584398e-05
-2.4916079666401805,0.4419438142882472,0.10052834014687623,2.111152887980338,7.999680042825525e-05,7.999344867485193e-05
-2.4916079666401805,0.4419438142882472,0.10052834014687623,2.111152887980338,7.999680042825525e-05,7.999344867485193e-05
-2.4916079666401805,0.45827480655025754,0.10052834014687623,2.111152887980338,7.999680042825525e-05,7.999344867485193e-05
-2.4916079666401805,0.45827480655025754,0.10052834014687623,2.111152887980338,7.999680042825525e-05,7.999344867485193e-05
-2.4916079666401805,0.47460579881226783,0.10052834014687623,2.111152887980338,7.999680042825525e-05,7.999344867485193e-05
-2.4916079666401805,0.47460579881226783,0.10052834014687623,2.111152887980338,7.999680042825525e-05,7.999344867485193e-05
-2.4916079666401805,0.4909367910742781,0.10052834014687623,2.111152887980338,7.999680042825525e-05,7.999344867485193e-05
-2.4916079666401805,0.4909367910742781,0.10052834014687623,2.111152887980338,7.999680042825525e-05,7.999344867485193e-05
-2.4916079666401805,0.5072677833362884,0.10052834014687623,2.111152887980338,7.999680042825525e-05,7.999344867485193e-05
-2.4916079666401805,0.5072677833362884,0.10052834014687623,2.111152887980338,7.999680042825525e-05,7.999344867485193e-05
-2.2749464043236434,0.05,0.10052834014687623,2.161418370437774,7.999680042825525e-05,7.999345221753161e-05
-2.2749464043236434,0.05,0.10052834014687623,2.161418370437774,7.999680042825525e-05,7.999345221753161e-05
-2.2749464043236434,0.06633099226201031,0.10052834014687623,2.161418370437774,7.999680042825525e-05,7.999345221753161e-05
-2.2749464043236434,0.06633099226201031,0.10052834014687623,2.161418370437774,7.999680042825525e-05,7.999345221753161e-05
-2.2749464043236434,0.0826619845240206,0.10052834014687623,2.161418370437774,7.999680042825525e-05,7.999345221753161e-05
-2.2749464043236434,0.0826619845240206,0.10052834014687623,2.161418370437774,7.999680042825525e-05,7.999345221753161e-05
-2.2749464043236434,0.0989929767860309,0.10052834014687623,2.161418370437774,7.999680042825525e-05,7.999345221753161e-05
-2.2749464043236434,0.0989929767860309,0.10052834014687623,2.161418370437774,7.999680042825525e-05,7.999345221753161e-05
-2.2749464043236434,0.11532396904804121,0.10052834014687623,2.161418370437774,7.999680042825525e-05,7.999345221753161e-05
-2.2749464043236434,0.11532396904804121,0.10052834014687623,2.161418370437774,7.999680042825525e-05,7.999345221753161e-05
-2.2749464043236434,0.1316549613100515,0.10052834014687623,2.161418370437774,7.999680042825525e-05,7.999345221753161e-05
-2.2749464043236434,0.1316549613100515,0.10052834014687623,2.161418370437774,7.999680042825525e-05,7.999345221753161e-05
-2.2749464043236434,0.1479859535720618,0.10052834014687623,2.261944085816654,7.999680042825525e-05,7.999374321584398e-05
-2.2749464043236434,0.1479859535720618,0.10052834014687623,2.261944085816654,7.999680042825525e-05,7.999374321584398e-05
-2.2749464043236434,0.1643169458340721,0.10052834014687623,2.261944085816654,7.999680042825525e-05,7.999374321584398e-05
-2.2749464043236434,0.1643169458340721,0.10052834014687623,2.261944085816654,7.999680042825525e-05,7.999374321584398e-05
-2.2749464043236434,0.18064793809608243,0.10052834014687623,2.261944085816654,7.999680042825525e-05,7.999374321584398e-05
-2.2749464043236434,0.18064793809608243,0.10052834014687623,2.261944085816654,7.999680042825525e-05,7.999374321584398e-05
-2.2749464043236434,0.19697893035809272,0.10052834014687623,2.261944085816654,7.999680042825525e-05,7.999374321584398e-05
-2.2749464043236434,0.19697893035809272,0.10052834014687623,2.261944085816654,7.999680042825525e-05,7.999374321584398e-05
-2.2749464043236434,0.213309922620103,0.10052834014687623,2.261944085816654,7.999680042825525e-05,7.999374321584398e-05
-2.2749464043236434,0.213309922620103,0.10052834014687623,2.261944085816654,7.999680042825525e-05,7.999374321584398e-05
-2.2749464043236434,0.2296409148821133,0.10052834014687623,2.261944085816654,7.999680042825525e-05,7.999374321584398e-05
-2.2749464043236434,0.2296409148821133,0.10052834014687623,2.261944085816654,7.999680042825525e-05,7.999374321584398e-05
-2.2749464043236434,0.2459719071441236,0.10052834014687623,2.261944085816654,7.999680042825525e-05,7.999374321584398e-05
-2.2749464043236434,0.2459719071441236,0.10052834014687623,2.261944085816654,7.999680042825525e-05,7.999374321584398e-05
-2.2749464043236434,0.26230289940613394,0.10052834014687623,2.261944085816654,7.999680042825525e-05,7.999374321584398e-05
-2.2749464043236434,0.26230289940613394,0.10052834014687623,2.261944085816654,7.999680042825525e-05,7.999374321584398e-05
-2.2749464043236434,0.27863389166814423,0.10052834014687623,2.261944085816654,7.999680042825525e-05,7.999374321584398e-05
-2.2749464043236434,0.27863389166814423,0.10052834014687623,2.261944085816654,7.999680042825525e-05,7.999374321584398e-05
-2.2749464043236434,0.2949648839301545,0.10052834014687623,2.261944085816654,7.999680042825525e-05,7.999374321584398e-05
-2.2749464043236434,0.2949648839301545,0.10052834014687623,2.261944085816654,7.999680042825525e-05,7.999374321584398e-05
-2.2749464043236434,0.3112958761921648,0.10052834014687623,2.261944085816654,7.999680042825525e-05,7.999374321584398e-05
-2.2749464043236434,0.3112958761921648,0.10052834014687623,2.261944085816654,7.999680042825525e-05,7.999374321584398e-05
-2.2749464043236434,0.3276268684541751,0.10052834014687623,2.261944085816654,7.999680042825525e-05,7.999374321584398e-05
-2.2749464043236434,0.3276268684541751,0.10052834014687623,2.261944085816654,7.999680042825525e-05,7.999374321584398e-05
-2.2749464043236434,0.3439578607161854,0.10052834014687623,2.261944085816654,7.999680042825525e-05,7.999374321584398e-05
-2.2749464043236434,0.3439578607161854,0.10052834014687623,2.261944085816654,7.999680042825525e-05,7.999374321584398e-05
-2.2749464043236434,0.36028885297819574,0.10052834014687623,2.261944085816654,7.999680042825525e-05,7.999374321584398e-05
-2.2749464043236434,0.36028885297819574,0.10052834014687623,2.261944085816654,7.999680042825525e-05,7.999374321584398e-05
-2.2749464043236434,0.37661984524020603,0.10052834014687623,2.261944085816654,7.999680042825525e-05,7.999374321584398e-05
-2.2749464043236434,0.37661984524020603,0.10052834014687623,2.261944085816654,7.999680042825525e-05,7.999374321584398e-05
-2.2749464043236434,0.3929508375022163,0.10052834014687623,2.261944085816654,7.999680042825525e-05,7.999374321584398e-05
-2.2749464043236434,0.3929508375022163,0.10052834014687623,2.261944085816654,7.999680042825525e-05,7.999374321584398e-05
-2.2749464043236434,0.4092818297642266,0.10052834014687623,2.261944085816654,7.999680042825525e-05,7.999374321584398e-05
-2.2749464043236434,0.4092818297642266,0.10052834014687623,2.261944085816654,7.999680042825525e-05,7.999374321584398e-05
-2.2749464043236434,0.4256128220262369,0.10052834014687623,2.261944085816654,7.999680042825525e-05,7.999374321584398e-05
-2.2749464043236434,0.4256128220262369,0.10052834014687623,2.261944085816654,7.999680042825525e-05,7.999374321584398e-05
-2.2749464043236434,0.4419438142882472,0.10052834014687623,2.111152887980338,7.999680042825525e-05,7.999344867485193e-05
-2.2749464043236434,0.4419438142882472,0.10052834014687623,2.111152887980338,7.999680042825525e-05,7.999344867485193e-05
-2.2749464043236434,0.45827480655025754,0.10052834014687623,2.111152887980338,7.999680042825525e-05,7.999344867485193e-05
-2.2749464043236434,0.45827480655025754,0.10052834014687623,2.111152887980338,7.999680042825525e-05,7.999344867485193e-05
-2.2749464043236434,0.47460579881226783,0.10052834014687623,2.111152887980338,7.999680042825525e-05,7.999344867485193e-05
-2.2749464043236434,0.47460579881226783,0.10052834014687623,2.111152887980338,7.999680042825525e-05,7.999344867485193e-05
-2.2749464043236434,0.4909367910742781,0.10052834014687623,2.111152887980338,7.999680042825525e-05,7.999344867485193e-05
-2.2749464043236434,0.4909367910742781,0.10052834014687623,2.111152887980338,7.999680042825525e-05,7.999344867485193e-05
-2.2749464043236434,0.5072677833362884,0.10052834014687623,2.111152887980338,7.999680042825525e-05,7.999344867485193e-05
-2.2749464043236434,0.5072677833362884,0.10052834014687623,2.111152887980338,7.999680042825525e-05,7.999344867485193e-05
-2.058284842007106,0.05,0.10052834014687623,2.161418370437774,7.999680042825525e-05,7.999345221753161e-05
-2.058284842007106,0.05,0.10052834014687623,2.161418370437774,7.999680042825525e-05,7.999345221753161e-05
-2.058284842007106,0.06633099226201031,0.10052834014687623,2.161418370437774,7.999680042825525e-05,7.999345221753161e-05
-2.058284842007106,0.06633099226201031,0.10052834014687623,2.161418370437774,7.999680042825525e-05,7.999345221753161e-05
-2.058284842007106,0.0826619845240206,0.10052834014687623,2.161418370437774,7.999680042825525e-05,7.999345221753161e-05
-2.058284842007106,0.0826619845240206,0.10052834014687623,2.161418370437774,7.999680042825525e-05,7.999345221753161e-05
-2.058284842007106,0.0989929767860309,0.10052834014687623,2.161418370437774,7.999680042825525e-05,7.999345221753161e-05
-2.058284842007106,0.0989929767860309,0.10052834014687623,2.161418370437774,7.999680042825525e-05,7.999345221753161e-05
-2.058284842007106,0.11532396904804121,0.10052834014687623,2.161418370437774,7.999680042825525e-05,7.999345221753161e-05
-2.058284842007106,0.11532396904804121,0.10052834014687623,2.161418370437774,7.999680042825525e-05,7.999345221753161e-05
-2.058284842007106,0.1316549613100515,0.10052834014687623,2.161418370437774,7.999680042825525e-05,7.999345221753161e-05
-2.058284842007106,0.1316549613100515,0.10052834014687623,2.161418370437774,7.999680042825525e-05,7.999345221753161e-05
-2.058284842007106,0.1479859535720618,0.10052834014687623,2.261944085816654,7.999680042825525e-05,7.999374321584398e-05
-2.058284842007106,0.1479859535720618,0.10052834014687623,2.261944085816654,7.999680042825525e-05,7.999374321584398e-05
-2.058284842007106,0.1643169458340721,0.10052834014687623,2.261944085816654,7.999680042825525e-05,7.999374321584398e-05
-2.058284842007106,0.1643169458340721,0.10052834014687623,2.261944085816654,7.999680042825525e-05,7.999374321584398e-05
-2.058284842007106,0.18064793809608243,0.10052834014687623,2.261944085816654,7.999680042825525e-05,7.999374321584398e-05
-2.058284842007106,0.18064793809608243,0.10052834014687623,2.261944085816654,7.999680042825525e-05,7.999374321584398e-05
-2.058284842007106,0.19697893035809272,0.10052834014687623,2.261944085816654,7.999680042825525e-05,7.999374321584398e-05
-2.058284842007106,0.19697893035809272,0.10052834014687623,2.261944085816654,7.999680042825525e-05,7.999374321584398e-05
-2.058284842007106,0.213309922620103,0.10052834014687623,2.261944085816654,7.999680042825525e-05,7.999374321584398e-05
-2.058284842007106,0.213309922620103,0.10052834014687623,2.261944085816654,7.999680042825525e-05,7.999374321584398e-05
-2.058284842007106,0.2296409148821133,0.10052834014687623,2.261944085816654,7.999680042825525e-05,7.999374321584398e-05
-2.058284842007106,0.2296409148821133,0.10052834014687623,2.261944085816654,7.999680042825525e-05,7.999374321584398e-05
-2.058284842007106,0.2459719071441236,0.10052834014687623,2.261944085816654,7.999680042825525e-05,7.999374321584398e-05
-2.058284842007106,0.2459719071441236,0.10052834014687623,2.261944085816654,7.999680042825525e-05,7.999374321584398e-05
-2.058284842007106,0.26230289940613394,0.10052834014687623,2.261944085816654,7.999680042825525e-05,7.999374321584398e-05
-2.058284842007106,0.26230289940613394,0.10052834014687623,2.261944085816654,7.999680042825525e-05,7.999374321584398e-05
-2.058284842007106,0.27863389166814423,0.10052834014687623,2.261944085816654,7.999680042825525e-05,7.999374321584398e-05
-2.058284842007106,0.27863389166814423,0.10052834014687623,2.261944085816654,7.999680042825525e-05,7.999374321584398e-05
-2.058284842007106,0.2949648839301545,0.10052834014687623,2.261944085816654,7.999680042825525e-05,7.999374321584398e-05
-2.058284842007106,0.2949648839301545,0.10052834014687623,2.261944085816654,7.999680042825525e-05,7.999374321584398e-05
-2.058284842007106,0.3112958761921648,0.10052834014687623,2.261944085816654,7.999680042825525e-05,7.999374321584398e-05
-2.058284842007106,0.3112958761921648,0.10052834014687623,2.261944085816654,7.999680042825525e-05,7.999374321584398e-05
-2.058284842007106,0.3276268684541751,0.10052834014687623,2.261944085816654,7.999680042825525e-05,7.999374321584398e-05
-2.058284842007106,0.3276268684541751,0.10052834014687623,2.261944085816654,7.999680042825525e-05,7.999374321584398e-05
-2.058284842007106,0.3439578607161854,0.10052834014687623,2.261944085816654,7.999680042825525e-05,7.999374321584398e-05
-2.058284842007106,0.3439578607161854,0.10052834014687623,2.261944085816654,7.999680042825525e-05,7.999374321584398e-05
-2.058284842007106,0.36028885297819574,0.10052834014687623,2.261944085816654,7.999680042825525e-05,7.999374321584398e-05
-2.058284842007106,0.36028885297819574,0.10052834014687623,2.261944085816654,7.999680042825525e-05,7.999374321584398e-05
-2.058284842007106,0.37661984524020603,0.10052834014687623,2.261944085816654,7.999680042825525e-05,7.999374321584398e-05
-2.058284842007106,0.37661984524020603,0.10052834014687623,2.261944085816654,7.999680042825525e-05,7.999374321584398e-05
-2.058284842007106,0.3929508375022163,0.10052834014687623,2.261944085816654,7.999680042825525e-05,7.999374321584398e-05
-2.058284842007106,0.3929508375022163,0.10052834014687623,2.261944085816654,7.999680042825525e-05,7.999374321584398e-05
-2.058284842007106,0.4092818297642266,0.10052834014687623,2.261944085816654,7.999680042825525e-05,7.999374321584398e-05
-2.058284842007106,0.4092818297642266,0.10052834014687623,2.261944085816654,7.999680042825525e-05,7.999374321584398e-05
-2.058284842007106,0.4256128220262369,0.10052834014687623,2.261944085816654,7.999680042825525e-05,7.999374321584398e-05
-2.058284842007106,0.4256128220262369,0.10052834014687623,2.261944085816654,7.999680042825525e-05,7.999374321584398e-05
-2.058284842007106,0.4419438142882472,0.10052834014687623,2.111152887980338,7.999680042825525e-05,7.999344867485193e-05
-2.058284842007106,0.4419438142882472,0.10052834014687623,2.111152887980338,7.999680042825525e-05,7.999344867485193e-05
-2.058284842007106,0.45827480655025754,0.10052834014687623,2.111152887980338,7.999680042825525e-05,7.999344867485193e-05
-2.058284842007106,0.45827480655025754,0.10052834014687623,2.111152887980338,7.999680042825525e-05,7.999344867485193e-05
-2.058284842007106,0.47460579881226783,0.10052834014687623,2.111152887980338,7.999680042825525e-05,7.999344867485193e-05
-2.058284842007106,0.47460579881226783,0.10052834014687623,2.111152887980338,7.999680042825525e-05,7.999344867485193e-05
-2.058284842007106,0.4909367910742781,0.10052834014687623,2.111152887980338,7.999680042825525e-05,7.999344867485193e-05
-2.058284842007106,0.4909367910742781,0.10052834014687623,2.111152887980338,7.999680042825525e-05,7.999344867485193e-05
-2.058284842007106,0.5072677833362884,0.10052834014687623,2.111152887980338,7.999680042825525e-05,7.999344867485193e-05
-2.058284842007106,0.5072677833362884,0.10052834014687623,2.111152887980338,7.999680042825525e-05,7.999344867485193e-05
-1.8416232796905683,0.05,0.10052834014687623,2.161418370437774,7.999680042825525e-05,7.999345221753161e-05
-1.8416232796905683,0.05,0.10052834014687623,2.161418370437774,7.999680042825525e-05,7.999345221753161e-05
-1.8416232796905683,0.06633099226201031,0.10052834014687623,2.161418370437774,7.999680042825525e-05,7.999345221753161e-05
-1.8416232796905683,0.06633099226201031,0.10052834014687623,2.161418370437774,7.999680042825525e-05,7.999345221753161e-05
-1.8416232796905683,0.0826619845240206,0.10052834014687623,2.161418370437774,7.999680042825525e-05,7.999345221753161e-05
-1.8416232796905683,0.0826619845240206,0.10052834014687623,2.161418370437774,7.999680042825525e-05,7.999345221753161e-05
-1.8416232796905683,0.0989929767860309,0.10052834014687623,2.161418370437774,7.999680042825525e-05,7.999345221753161e-05
-1.8416232796905683,0.0989929767860309,0.10052834014687623,2.161418370437774,7.999680042825525e-05,7.999345221753161e-05
-1.8416232796905683,0.11532396904804121,0.10052834014687623,2.161418370437774,7.999680042825525e-05,7.999345221753161e-05
-1.8416232796905683,0.11532396904804121,0.10052834014687623,2.161418370437774,7.999680042825525e-05,7.999345221753161e-05
-1.8416232796905683,0.1316549613100515,0.10052834014687623,2.161418370437774,7.999680042825525e-05,7.999345221753161e-05
-1.8416232796905683,0.1316549613100515,0.10052834014687623,2.161418370437774,7.999680042825525e-05,7.999345221753161e-05
-1.8416232796905683,0.1479859535720618,0.10052834014687623,2.261944085816654,7.999680042825525e-05,7.999374321584398e-05
-1.8416232796905683,0.1479859535720618,0.10052834014687623,2.261944085816654,7.999680042825525e-05,7.999374321584398e-05
-1.8416232796905683,0.1643169458340721,0.10052834014687623,2.261944085816654,7.999680042825525e-05,7.999374321584398e-05
-1.8416232796905683,0.1643169458340721,0.10052834014687623,2.261944085816654,7.999680042825525e-05,7.999374321584398e-05
-1.8416232796905683,0.18064793809608243,0.10052834014687623,2.261944085816654,7.999680042825525e-05,7.999374321584398e-05
-1.8416232796905683,0.18064793809608243,0.10052834014687623,2.261944085816654,7.999680042825525e-05,7.999374321584398e-05
-1.8416232796905683,0.19697893035809272,0.10052834014687623,2.261944085816654,7.999680042825525e-05,7.999374321584398e-05
-1.8416232796905683,0.19697893035809272,0.10052834014687623,2.261944085816654,7.999680042825525e-05,7.999374321584398e-05
-1.8416232796905683,0.213309922620103,0.10052834014687623,2.261944085816654,7.999680042825525e-05,7.999374321584398e-05
-1.8416232796905683,0.213309922620103,0.10052834014687623,2.261944085816654,7.999680042825525e-05,7.999374321584398e-05
-1.8416232796905683,0.2296409148821133,0.10052834014687623,2.261944085816654,7.999680042825525e-05,7.999374321584398e-05
-1.8416232796905683,0.2296409148821133,0.10052834014687623,2.261944085816654,7.999680042825525e-05,7.999374321584398e-05
-1.8416232796905683,0.2459719071441236,0.10052834014687623,2.261944085816654,7.999680042825525e-05,7.999374321584398e-05
-1.8416232796905683,0.2459719071441236,0.10052834014687623,2.261944085816654,7.999680042825525e-05,7.999374321584398e-05
-1.8416232796905683,0.26230289940613394,0.10052834014687623,2.261944085816654,7.999680042825525e-05,7.999374321584398e-05
-1.8416232796905683,0.26230289940613394,0.10052834014687623,2.261944085816654,7.999680042825525e-05,7.999374321584398e-05
-1.8416232796905683,0.27863389166814423,0.10052834014687623,2.261944085816654,7.999680042825525e-05,7.999374321584398e-05
-1.8416232796905683,0.27863389166814423,0.10052834014687623,2.261944085816654,7.999680042825525e-05,7.999374321584398e-05
-1.8416232796905683,0.2949648839301545,0.10052834014687623,2.261944085816654,7.999680042825525e-05,7.999374321584398e-05
-1.8416232796905683,0.2949648839301545,0.10052834014687623,2.261944085816654,7.999680042825525e-05,7.999374321584398e-05
-1.8416232796905683,0.3112958761921648,0.10052834014687623,2.261944085816654,7.999680042825525e-05,7.999374321584398e-05
-1.8416232796905683,0.3112958761921648,0.10052834014687623,2.261944085816654,7.999680042825525e-05,7.999374321584398e-05
-1.8416232796905683,0.3276268684541751,0.10052834014687623,2.261944085816654,7.999680042825525e-05,7.999374321584398e-05
-1.8416232796905683,0.3276268684541751,0.10052834014687623,2.261944085816654,7.999680042825525e-05,7.999374321584398e-05
-1.8416232796905683,0.3439578607161854,0.10052834014687623,2.261944085816654,7.999680042825525e-05,7.999374321584398e-05
-1.8416232796905683,0.3439578607161854,0.10052834014687623,2.261944085816654,7.999680042825525e-05,7.999374321584398e-05
-1.8416232796905683,0.36028885297819574,0.10052834014687623,2.261944085816654,7.999680042825525e-05,7.999374321584398e-05
-1.8416232796905683,0.36028885297819574,0.10052834014687623,2.261944085816654,7.999680042825525e-05,7.999374321584398e-05
-1.8416232796905683,0.37661984524020603,0.10052834014687623,2.261944085816654,7.999680042825525e-05,7.999374321584398e-05
-1.8416232796905683,0.37661984524020603,0.10052834014687623,2.261944085816654,7.999680042825525e-05,7.999374321584398e-05
-1.8416232796905683,0.3929508375022163,0.10052834014687623,2.261944085816654,7.999680042825525e-05,7.999374321584398e-05
-1.8416232796905683,0.3929508375022163,0.10052834014687623,2.261944085816654,7.999680042825525e-05,7.999374321584398e-05
-1.8416232796905683,0.4092818297642266,0.10052834014687623,2.261944085816654,7.999680042825525e-05,7.999374321584398e-05
-1.8416232796905683,0.4092818297642266,0.10052834014687623,2.261944085816654,7.999680042825525e-05,7.999374321584398e-05
-1.8416232796905683,0.4256128220262369,0.10052834014687623,2.261944085816654,7.999680042825525e-05,7.999374321584398e-05
-1.8416232796905683,0.4256128220262369,0.10052834014687623,2.261944085816654,7.999680042825525e-05,7.999374321584398e-05
-1.8416232796905683,0.4419438142882472,0.10052834014687623,2.111152887980338,7.999680042825525e-05,7.999344867485193e-05
-1.8416232796905683,0.4419438142882472,0.10052834014687623,2.111152887980338,7.999680042825525e-05,7.999344867485193e-05
-1.8416232796905683,0.45827480655025754,0.10052834014687623,2.111152887980338,7.999680042825525e-05,7.999344867485193e-05
-1.8416232796905683,0.45827480655025754,0.10052834014687623,2.111152887980338,7.999680042825525e-05,7.999344867485193e-05
-1.8416232796905683,0.47460579881226783,0.10052834014687623,2.111152887980338,7.999680042825525e-05,7.999344867485193e-05
-1.8416232796905683,0.47460579881226783,0.10052834014687623,2.111152887980338,7.999680042825525e-05,7.999344867485193e-05
-1.8416232796905683,0.4909367910742781,0.10052834014687623,2.111152887980338,7.999680042825525e-05,7.999344867485193e-05
-1.8416232796905683,0.4909367910742781,0.10052834014687623,2.111152887980338,7.999680042825525e-05,7.999344867485193e-05
-1.8416232796905683,0.5072677833362884,0.10052834014687623,2.111152887980338,7.999680042825525e-05,7.999344867485193e-05
-1.8416232796905683,0.5072677833362884,0.10052834014687623,2.111152887980338,7.999680042825525e-05,7.999344867485193e-05
-1.624961717374031,0.05,0.10052834014687623,2.161418370437774,7.999680042825525e-05,7.999345221753161e-05
-1.624961717374031,0.05,0.10052834014687623,2.161418370437774,7.999680042825525e-05,7.999345221753161e-05
-1.624961717374031,0.06633099226201031,0.10052834014687623,2.161418370437774,7.999680042825525e-05,7.999345221753161e-05
-1.624961717374031,0.06633099226201031,0.10052834014687623,2.161418370437774,7.999680042825525e-05,7.999345221753161e-05
-1.624961717374031,0.0826619845240206,0.10052834014687623,2.161418370437774,7.999680042825525e-05,7.999345221753161e-05
-1.624961717374031,0.0826619845240206,0.10052834014687623,2.161418370437774,7.999680042825525e-05,7.999345221753161e-05
-1.624961717374031,0.0989929767860309,0.10052834014687623,2.161418370437774,7.999680042825525e-05,7.999345221753161e-05
-1.624961717374031,0.0989929767860309,0.10052834014687623,2.161418370437774,7.999680042825525e-05,7.999345221753161e-05
-1.624961717374031,0.11532396904804121,0.10052834014687623,2.161418370437774,7.999680042825525e-05,7.999345221753161e-05
-1.624961717374031,0.11532396904804121,0.10052834014687623,2.161418370437774,7.999680042825525e-05,7.999345221753161e-05
-1.624961717374031,0.1316549613100515,0.10052834014687623,2.161418370437774,7.999680042825525e-05,7.999345221753161e-05
-1.624961717374031,0.1316549613100515,0.10052834014687623,2.161418370437774,7.999680042825525e-05,7.999345221753161e-05
-1.624961717374031,0.1479859535720618,0.10052834014687623,2.261944085816654,7.999680042825525e-05,7.999374321584398e-05
-1.624961717374031,0.1479859535720618,0.10052834014687623,2.261944085816654,7.999680042825525e-05,7.999374321584398e-05
-1.624961717374031,0.1643169458340721,0.10052834014687623,2.261944085816654,7.999680042825525e-05,7.999374321584398e-05
-1.624961717374031,0.1643169458340721,0.10052834014687623,2.261944085816654,7.999680042825525e-05,7.999374321584398e-05
-1.624961717374031,0.18064793809608243,0.10052834014687623,2.261944085816654,7.999680042825525e-05,7.999374321584398e-05
-1.624961717374031,0.18064793809608243,0.10052834014687623,2.261944085816654,7.999680042825525e-05,7.999374321584398e-05
-1.624961717374031,0.19697893035809272,0.10052834014687623,2.261944085816654,7.999680042825525e-05,7.999374321584398e-05
-1.624961717374031,0.19697893035809272,0.10052834014687623,2.261944085816654,7.999680042825525e-05,7.999374321584398e-05
-1.624961717374031,0.213309922620103,0.10052834014687623,2.261944085816654,7.999680042825525e-05,7.999374321584398e-05
-1.624961717374031,0.213309922620103,0.10052834014687623,2.261944085816654,7.999680042825525e-05,7.999374321584398e-05
-1.624961717374031,0.2296409148821133,0.10052834014687623,2.261944085816654,7.999680042825525e-05,7.999374321584398e-05
-1.624961717374031,0.2296409148821133,0.10052834014687623,2.261944085816654,7.999680042825525e-05,7.999374321584398e-05
-1.624961717374031,0.2459719071441236,0.10052834014687623,2.261944085816654,7.999680042825525e-05,7.999374321584398e-05
-1.624961717374031,0.2459719071441236,0.10052834014687623,2.261944085816654,7.999680042825525e-05,7.999374321584398e-05
-1.624961717374031,0.26230289940613394,0.10052834014687623,2.261944085816654,7.999680042825525e-05,7.999374321584398e-05
-1.624961717374031,0.26230289940613394,0.10052834014687623,2.261944085816654,7.999680042825525e-05,7.999374321584398e-05
-1.624961717374031,0.27863389166814423,0.10052834014687623,2.261944085816654,7.999680042825525e-05,7.999374321584398e-05
-1.624961717374031,0.27863389166814423,0.10052834014687623,2.261944085816654,7.999680042825525e-05,7.999374321584398e-05
-1.624961717374031,0.2949648839301545,0.10052834014687623,2.261944085816654,7.999680042825525e-05,7.999374321584398e-05
-1.624961717374031,0.2949648839301545,0.10052834014687623,2.261944085816654,7.999680042825525e-05,7.999374321584398e-05
-1.624961717374031,0.3112958761921648,0.10052834014687623,2.261944085816654,7.999680042825525e-05,7.999374321584398e-05
-1.624961717374031,0.3112958761921648,0.10052834014687623,2.261944085816654,7.999680042825525e-05,7.999374321584398e-05
-1.624961717374031,0.3276268684541751,0.10052834014687623,2.261944085816654,7.999680042825525e-05,7.999374321584398e-05
-1.624961717374031,0.3276268684541751,0.10052834014687623,2.261944085816654,7.999680042825525e-05,7.999374321584398e-05
-1.624961717374031,0.3439578607161854,0.10052834014687623,2.261944085816654,7.999680042825525e-05,7.999374321584398e-05
-1.624961717374031,0.3439578607161854,0.10052834014687623,2.261944085816654,7.999680042825525e-05,7.999374321584398e-05
-1.624961717374031,0.36028885297819574,0.10052834014687623,2.261944085816654,7.999680042825525e-05,7.999374321584398e-05
-1.624961717374031,0.36028885297819574,0.10052834014687623,2.261944085816654,7.999680042825525e-05,7.999374321584398e-05
-1.624961717374031,0.37661984524020603,0.10052834014687623,2.261944085816654,7.999680042825525e-05,7.999374321584398e-05
-1.624961717374031,0.37661984524020603,0.10052834014687623,2.261944085816654,7.999680042825525e-05,7.999374321584398e-05
-1.624961717374031,0.3929508375022163,0.10052834014687623,2.261944085816654,7.999680042825525e-05,7.999374321584398e-05
-1.624961717374031,0.3929508375022163,0.10052834014687623,2.261944085816654,7.999680042825525e-05,7.999374321584398e-05
-1.624961717374031,0.4092818297642266,0.10052834014687623,2.261944085816654,7.999680042825525e-05,7.999374321584398e-05
-1.624961717374031,0.4092818297642266,0.10052834014687623,2.261944085816654,7.999680042825525e-05,7.999374321584398e-05
-1.624961717374031,0.4256128220262369,0.10052834014687623,2.261944085816654,7.999680042825525e-05,7.999374321584398e-05
-1.624961717374031,0.4256128220262369,0.10052834014687623,2.261944085816654,7.999680042825525e-05,7.999374321584398e-05
-1.624961717374031,0.4419438142882472,0.10052834014687623,2.111152887980338,7.999680042825525e-05,7.999344867485193e-05
-1.624961717374031,0.4419438142882472,0.10052834014687623,2.111152887980338,7.999680042825525e-05,7.999344867485193e-05
-1.624961717374031,0.45827480655025754,0.10052834014687623,2.111152887980338,7.999680042825525e-05,7.999344867485193e-05
-1.624961717374031,0.45827480655025754,0.10052834014687623,2.111152887980338,7.999680042825525e-05,7.999344867485193e-05
-1.624961717374031,0.47460579881226783,0.10052834014687623,2.111152887980338,7.999680042825525e-05,7.999344867485193e-05
-1.624961717374031,0.47460579881226783,0.10052834014687623,2.111152887980338,7.999680042825525e-05,7.999344867485193e-05
-1.624961717374031,0.4909367910742781,0.10052834014687623,2.111152887980338,7.999680042825525e-05,7.999344867485193e-05
-1.624961717374031,0.4909367910742781,0.10052834014687623,2.111152887980338,7.999680042825525e-05,7.999344867485193e-05
-1.624961717374031,0.5072677833362884,0.10052834014687623,2.111152887980338,7.999680042825525e-05,7.999344867485193e-05
-1.624961717374031,0.5072677833362884,0.10052834014687623,2.111152887980338,7.999680042825525e-05,7.999344867485193e-05
-1.4083001550574934,0.05,0.10052834014687623,2.161418370437774,7.999680042825525e-05,7.999345221753161e-05
-1.4083001550574934,0.05,0.10052834014687623,2.161418370437774,7.999680042825525e-05,7.999345221753161e-05
-1.4083001550574934,0.06633099226201031,0.10052834014687623,2.161418370437774,7.999680042825525e-05,7.999345221753161e-05
-1.4083001550574934,0.06633099226201031,0.10052834014687623,2.161418370437774,7.999680042825525e-05,7.999345221753161e-05
-1.4083001550574934,0.0826619845240206,0.10052834014687623,2.161418370437774,7.999680042825525e-05,7.999345221753161e-05
-1.4083001550574934,0.0826619845240206,0.10052834014687623,2.161418370437774,7.999680042825525e-05,7.999345221753161e-05
-1.4083001550574934,0.0989929767860309,0.10052834014687623,2.161418370437774,7.999680042825525e-05,7.999345221753161e-05
-1.4083001550574934,0.0989929767860309,0.10052834014687623,2.161418370437774,7.999680042825525e-05,7.999345221753161e-05
-1.4083001550574934,0.11532396904804121,0.10052834014687623,2.161418370437774,7.999680042825525e-05,7.999345221753161e-05
-1.4083001550574934,0.11532396904804121,0.10052834014687623,2.161418370437774,7.999680042825525e-05,7.999345221753161e-05
-1.4083001550574934,0.1316549613100515,0.10052834014687623,2.161418370437774,7.999680042825525e-05,7.999345221753161e-05
-1.4083001550574934,0.1316549613100515,0.10052834014687623,2.161418370437774,7.999680042825525e-05,7.999345221753161e-05
-1.4083001550574934,0.1479859535720618,0.10052834014687623,2.261944085816654,7.999680042825525e-05,7.999374321584398e-05
-1.4083001550574934,0.1479859535720618,0.10052834014687623,2.261944085816654,7.999680042825525e-05,7.999374321584398e-05
-1.4083001550574934,0.1643169458340721,0.10052834014687623,2.261944085816654,7.999680042825525e-05,7.999374321584398e-05
-1.4083001550574934,0.1643169458340721,0.10052834014687623,2.261944085816654,7.999680042825525e-05,7.999374321584398e-05
-1.4083001550574934,0.18064793809608243,0.10052834014687623,2.261944085816654,7.999680042825525e-05,7.999374321584398e-05
-1.4083001550574934,0.18064793809608243,0.10052834014687623,2.261944085816654,7.999680042825525e-05,7.999374321584398e-05
-1.4083001550574934,0.19697893035809272,0.10052834014687623,2.261944085816654,7.999680042825525e-05,7.999374321584398e-05
-1.4083001550574934,0.19697893035809272,0.10052834014687623,2.261944085816654,7.999680042825525e-05,7.999374321584398e-05
-1.4083001550574934,0.213309922620103,0.10052834014687623,2.261944085816654,7.999680042825525e-05,7.999374321584398e-05
-1.4083001550574934,0.213309922620103,0.10052834014687623,2.261944085816654,7.999680042825525e-05,7.999374321584398e-05
-1.4083001550574934,0.2296409148821133,0.10052834014687623,2.261944085816654,7.999680042825525e-05,7.999374321584398e-05
-1.4083001550574934,0.2296409148821133,0.10052834014687623,2.261944085816654,7.999680042825525e-05,7.999374321584398e-05
-1.4083001550574934,0.2459719071441236,0.10052834014687623,2.261944085816654,7.999680042825525e-05,7.999374321584398e-05
-1.4083001550574934,0.2459719071441236,0.10052834014687623,2.261944085816654,7.999680042825525e-05,7.999374321584398e-05
-1.4083001550574934,0.26230289940613394,0.10052834014687623,2.261944085816654,7.999680042825525e-05,7.999374321584398e-05
-1.4083001550574934,0.26230289940613394,0.10052834014687623,2.261944085816654,7.999680042825525e-05,7.999374321584398e-05
-1.4083001550574934,0.27863389166814423,0.10052834014687623,2.261944085816654,7.999680042825525e-05,7.999374321584398e-05
-1.4083001550574934,0.27863389166814423,0.10052834014687623,2.261944085816654,7.999680042825525e-05,7.999374321584398e-05
-1.4083001550574934,0.2949648839301545,0.10052834014687623,2.261944085816654,7.999680042825525e-05,7.999374321584398e-05
-1.4083001550574934,0.2949648839301545,0.10052834014687623,2.261944085816654,7.999680042825525e-05,7.999374321584398e-05
-1.4083001550574934,0.3112958761921648,0.10052834014687623,2.261944085816654,7.999680042825525e-05,7.999374321584398e-05
-1.4083001550574934,0.3112958761921648,0.10052834014687623,2.261944085816654,7.999680042825525e-05,7.999374321584398e-05
-1.4083001550574934,0.3276268684541751,0.10052834014687623,2.261944085816654,7.999680042825525e-05,7.999374321584398e-05
-1.4083001550574934,0.3276268684541751,0.10052834014687623,2.261944085816654,7.999680042825525e-05,7.999374321584398e-05
-1.4083001550574934,0.3439578607161854,0.10052834014687623,2.261944085816654,7.999680042825525e-05,7.999374321584398e-05
-1.4083001550574934,0.3439578607161854,0.10052834014687623,2.261944085816654,7.999680042825525e-05,7.999374321584398e-05
-1.4083001550574934,0.36028885297819574,0.10052834014687623,2.261944085816654,7.999680042825525e-05,7.999374321584398e-05
-1.4083001550574934,0.36028885297819574,0.10052834014687623,2.261944085816654,7.999680042825525e-05,7.999374321584398e-05
-1.4083001550574934,0.37661984524020603,0.10052834014687623,2.261944085816654,7.999680042825525e-05,7.999374321584398e-05
-1.4083001550574934,0.37661984524020603,0.10052834014687623,2.261944085816654,7.999680042825525e-05,7.999374321584398e-05
-1.4083001550574934,0.3929508375022163,0.10052834014687623,2.261944085816654,7.999680042825525e-05,7.999374321584398e-05
-1.4083001550574934,0.3929508375022163,0.10052834014687623,2.261944085816654,7.999680042825525e-05,7.999374321584398e-05
-1.4083001550574934,0.4092818297642266,0.10052834014687623,2.261944085816654,7.999680042825525e-05,7.999374321584398e-05
-1.4083001550574934,0.4092818297642266,0.10052834014687623,2.261944085816654,7.999680042825525e-05,7.999374321584398e-05
-1.4083001550574934,0.4256128220262369,0.10052834014687623,2.261944085816654,7.999680042825525e-05,7.999374321584398e-05
-1.4083001550574934,0.4256128220262369,0.10052834014687623,2.261944085816654,7.999680042825525e-05,7.999374321584398e-05
-1.4083001550574934,0.4419438142882472,0.10052834014687623,2.111152887980338,7.999680042825525e-05,7.999344867485193e-05
-1.4083001550574934,0.4419438142882472,0.10052834014687623,2.111152887980338,7.999680042825525e-05,7.999344867485193e-05
-1.4083001550574934,0.45827480655025754,0.10052834014687623,2.111152887980338,7.999680042825525e-05,7.999344867485193e-05
-1.4083001550574934,0.45827480655025754,0.10052834014687623,2.111152887980338,7.999680042825525e-05,7.999344867485193e-05
-1.4083001550574934,0.47460579881226783,0.10052834014687623,2.111152887980338,7.999680042825525e-05,7.999344867485193e-05
-1.4083001550574934,0.47460579881226783,0.10052834014687623,2.111152887980338,7.999680042825525e-05,7.999344867485193e-05
-1.4083001550574934,0.4909367910742781,0.10052834014687623,2.111152887980338,7.999680042825525e-05,7.999344867485193e-05
-1.4083001550574934,0.4909367910742781,0.10052834014687623,2.111152887980338,7.999680042825525e-05,7.999344867485193e-05
-1.4083001550574934,0.5072677833362884,0.10052834014687623,2.111152887980338,7.999680042825525e-05,7.999344867485193e-05
-1.4083001550574934,0.5072677833362884,0.10052834014687623,2.111152887980338,7.999680042825525e-05,7.999344867485193e-05
-1.1916385927409558,0.05,0.10052834014687623,2.161418370437774,7.999680042825525e-05,7.999345221753161e-05
-1.1916385927409558,0.05,0.10052834014687623,2.161418370437774,7.999680042825525e-05,7.999345221753161e-05
-1.1916385927409558,0.06633099226201031,0.10052834014687623,2.161418370437774,7.999680042825525e-05,7.999345221753161e-05
-1.1916385927409558,0.06633099226201031,0.10052834014687623,2.161418370437774,7.999680042825525e-05,7.999345221753161e-05
-1.1916385927409558,0.0826619845240206,0.10052834014687623,2.161418370437774,7.999680042825525e-05,7.999345221753161e-05
-1.1916385927409558,0.0826619845240206,0.10052834014687623,2.161418370437774,7.999680042825525e-05,7.999345221753161e-05
-1.1916385927409558,0.0989929767860309,0.10052834014687623,2.161418370437774,7.999680042825525e-05,7.999345221753161e-05
-1.1916385927409558,0.0989929767860309,0.10052834014687623,2.161418370437774,7.999680042825525e-05,7.999345221753161e-05
-1.1916385927409558,0.11532396904804121,0.10052834014687623,2.161418370437774,7.999680042825525e-05,7.999345221753161e-05
-1.1916385927409558,0.11532396904804121,0.10052834014687623,2.161418370437774,7.999680042825525e-05,7.999345221753161e-05
-1.1916385927409558,0.1316549613100515,0.10052834014687623,2.161418370437774,7.999680042825525e-05,7.999345221753161e-05
-1.1916385927409558,0.1316549613100515,0.10052834014687623,2.161418370437774,7.999680042825525e-05,7.999345221753161e-05
-1.1916385927409558,0.1479859535720618,0.10052834014687623,2.261944085816654,7.999680042825525e-05,7.999374321584398e-05
-1.1916385927409558,0.1479859535720618,0.10052834014687623,2.261944085816654,7.999680042825525e-05,7.999374321584398e-05
-1.1916385927409558,0.1643169458340721,0.10052834014687623,2.261944085816654,7.999680042825525e-05,7.999374321584398e-05
-1.1916385927409558,0.1643169458340721,0.10052834014687623,2.261944085816654,7.999680042825525e-05,7.999374321584398e-05
-1.1916385927409558,0.18064793809608243,0.10052834014687623,2.261944085816654,7.999680042825525e-05,7.999374321584398e-05
-1.1916385927409558,0.18064793809608243,0.10052834014687623,2.261944085816654,7.999680042825525e-05,7.999374321584398e-05
-1.1916385927409558,0.19697893035809272,0.10052834014687623,2.261944085816654,7.999680042825525e-05,7.999374321584398e-05
-1.1916385927409558,0.19697893035809272,0.10052834014687623,2.261944085816654,7.999680042825525e-05,7.999374321584398e-05
-1.1916385927409558,0.213309922620103,0.10052834014687623,2.261944085816654,7.999680042825525e-05,7.999374321584398e-05
-1.1916385927409558,0.213309922620103,0.10052834014687623,2.261944085816654,7.999680042825525e-05,7.999374321584398e-05
-1.1916385927409558,0.2296409148821133,0.10052834014687623,2.261944085816654,7.999680042825525e-05,7.999374321584398e-05
-1.1916385927409558,0.2296409148821133,0.10052834014687623,2.261944085816654,7.999680042825525e-05,7.999374321584398e-05
-1.1916385927409558,0.2459719071441236,0.10052834014687623,2.261944085816654,7.999680042825525e-05,7.999374321584398e-05
-1.1916385927409558,0.2459719071441236,0.10052834014687623,2.261944085816654,7.999680042825525e-05,7.999374321584398e-05
-1.1916385927409558,0.26230289940613394,0.10052834014687623,2.261944085816654,7.999680042825525e-05,7.999374321584398e-05
-1.1916385927409558,0.26230289940613394,0.10052834014687623,2.261944085816654,7.999680042825525e-05,7.999374321584398e-05
-1.1916385927409558,0.27863389166814423,0.10052834014687623,2.261944085816654,7.999680042825525e-05,7.999374321584398e-05
-1.1916385927409558,0.27863389166814423,0.10052834014687623,2.261944085816654,7.999680042825525e-05,7.999374321584398e-05
-1.1916385927409558,0.2949648839301545,0.10052834014687623,2.261944085816654,7.999680042825525e-05,7.999374321584398e-05
-1.1916385927409558,0.2949648839301545,0.10052834014687623,2.261944085816654,7.999680042825525e-05,7.999374321584398e-05
-1.1916385927409558,0.3112958761921648,0.10052834014687623,2.261944085816654,7.999680042825525e-05,7.999374321584398e-05
-1.1916385927409558,0.3112958761921648,0.10052834014687623,2.261944085816654,7.999680042825525e-05,7.999374321584398e-05
-1.1916385927409558,0.3276268684541751,0.10052834014687623,2.261944085816654,7.999680042825525e-05,7.999374321584398e-05
-1.1916385927409558,0.3276268684541751,0.10052834014687623,2.261944085816654,7.999680042825525e-05,7.999374321584398e-05
-1.1916385927409558,0.3439578607161854,0.10052834014687623,2.261944085816654,7.999680042825525e-05,7.999374321584398e-05
-1.1916385927409558,0.3439578607161854,0.10052834014687623,2.261944085816654,7.999680042825525e-05,7.999374321584398e-05
-1.1916385927409558,0.36028885297819574,0.10052834014687623,2.261944085816654,7.999680042825525e-05,7.999374321584398e-05
-1.1916385927409558,0.36028885297819574,0.10052834014687623,2.261944085816654,7.999680042825525e-05,7.999374321584398e-05
-1.1916385927409558,0.37661984524020603,0.10052834014687623,2.261944085816654,7.999680042825525e-05,7.999374321584398e-05
-1.1916385927409558,0.37661984524020603,0.10052834014687623,2.261944085816654,7.999680042825525e-05,7.999374321584398e-05
-1.1916385927409558,0.3929508375022163,0.10052834014687623,2.261944085816654,7.999680042825525e-05,7.999374321584398e-05
-1.1916385927409558,0.3929508375022163,0.10052834014687623,2.261944085816654,7.999680042825525e-05,7.999374321584398e-05
-1.1916385927409558,0.4092818297642266,0.10052834014687623,2.261944085816654,7.999680042825525e-05,7.999374321584398e-05
-1.1916385927409558,0.4092818297642266,0.10052834014687623,2.261944085816654,7.999680042825525e-05,7.999374321584398e-05
-1.1916385927409558,0.4256128220262369,0.10052834014687623,2.261944085816654,7.999680042825525e-05,7.999374321584398e-05
-1.1916385927409558,0.4256128220262369,0.10052834014687623,2.261944085816654,7.999680042825525e-05,7.999374321584398e-05
-1.1916385927409558,0.4419438142882472,0.10052834014687623,2.111152887980338,7.999680042825525e-05,7.999344867485193e-05
-1.1916385927409558,0.4419438142882472,0.10052834014687623,2.111152887980338,7.999680042825525e-05,7.999344867485193e-05
-1.1916385927409558,0.45827480655025754,0.10052834014687623,2.111152887980338,7.999680042825525e-05,7.999344867485193e-05
-1.1916385927409558,0.45827480655025754,0.10052834014687623,2.111152887980338,7.999680042825525e-05,7.999344867485193e-05
-1.1916385927409558,0.47460579881226783,0.10052834014687623,2.111152887980338,7.999680042825525e-05,7.999344867485193e-05
-1.1916385927409558,0.47460579881226783,0.10052834014687623,2.111152887980338,7.999680042825525e-05,7.999344867485193e-05
-1.1916385927409558,0.4909367910742781,0.10052834014687623,2.111152887980338,7.999680042825525e-05,7.999344867485193e-05
-1.1916385927409558,0.4909367910742781,0.10052834014687623,2.111152887980338,7.999680042825525e-05,7.999344867485193e-05
-1.1916385927409558,0.5072677833362884,0.10052834014687623,2.111152887980338,7.999680042825525e-05,7.999344867485193e-05
-1.1916385927409558,0.5072677833362884,0.10052834014687623,2.111152887980338,7.999680042825525e-05,7.999344867485193e-05
-0.9749770304244185,0.05,0.10052834014687623,2.161418370437774,7.999680042825525e-05,7.999345221753161e-05
-0.9749770304244185,0.05,0.10052834014687623,2.161418370437774,7.999680042825525e-05,7.999345221753161e-05
-0.9749770304244185,0.06633099226201031,0.10052834014687623,2.161418370437774,7.999680042825525e-05,7.999345221753161e-05
-0.9749770304244185,0.06633099226201031,0.10052834014687623,2.161418370437774,7.999680042825525e-05,7.999345221753161e-05
-0.9749770304244185,0.0826619845240206,0.10052834014687623,2.161418370437774,7.999680042825525e-05,7.999345221753161e-05
-0.9749770304244185,0.0826619845240206,0.10052834014687623,2.161418370437774,7.999680042825525e-05,7.999345221753161e-05
-0.9749770304244185,0.0989929767860309,0.10052834014687623,2.161418370437774,7.999680042825525e-05,7.999345221753161e-05
-0.9749770304244185,0.0989929767860309,0.10052834014687623,2.161418370437774,7.999680042825525e-05,7.999345221753161e-05
-0.9749770304244185,0.11532396904804121,0.10052834014687623,2.161418370437774,7.999680042825525e-05,7.999345221753161e-05
-0.9749770304244185,0.11532396904804121,0.10052834014687623,2.161418370437774,7.999680042825525e-05,7.999345221753161e-05
-0.9749770304244185,0.1316549613100515,0.10052834014687623,2.161418370437774,7.999680042825525e-05,7.999345221753161e-05
-0.9749770304244185,0.1316549613100515,0.10052834014687623,2.161418370437774,7.999680042825525e-05,7.999345221753161e-05
-0.9749770304244185,0.1479859535720618,0.10052834014687623,2.261944085816654,7.999680042825525e-05,7.999374321584398e-05
-0.9749770304244185,0.1479859535720618,0.10052834014687623,2.261944085816654,7.999680042825525e-05,7.999374321584398e-05
-0.9749770304244185,0.1643169458340721,0.10052834014687623,2.261944085816654,7.999680042825525e-05,7.999374321584398e-05
-0.9749770304244185,0.1643169458340721,0.10052834014687623,2.261944085816654,7.999680042825525e-05,7.999374321584398e-05
-0.9749770304244185,0.18064793809608243,0.10052834014687623,2.261944085816654,7.999680042825525e-05,7.999374321584398e-05
-0.9749770304244185,0.18064793809608243,0.10052834014687623,2.261944085816654,7.999680042825525e-05,7.999374321584398e-05
-0.9749770304244185,0.19697893035809272,0.10052834014687623,2.261944085816654,7.999680042825525e-05,7.999374321584398e-05
-0.9749770304244185,0.19697893035809272,0.10052834014687623,2.261944085816654,7.999680042825525e-05,7.999374321584398e-05
-0.9749770304244185,0.213309922620103,0.10052834014687623,2.261944085816654,7.999680042825525e-05,7.999374321584398e-05
-0.9749770304244185,0.213309922620103,0.10052834014687623,2.261944085816654,7.999680042825525e-05,7.999374321584398e-05
-0.9749770304244185,0.2296409148821133,0.10052834014687623,2.261944085816654,7.999680042825525e-05,7.999374321584398e-05
-0.9749770304244185,0.2296409148821133,0.10052834014687623,2.261944085816654,7.999680042825525e-05,7.999374321584398e-05
-0.9749770304244185,0.2459719071441236,0.10052834014687623,2.261944085816654,7.999680042825525e-05,7.999374321584398e-05
-0.9749770304244185,0.2459719071441236,0.10052834014687623,2.261944085816654,7.999680042825525e-05,7.999374321584398e-05
-0.9749770304244185,0.26230289940613394,0.10052834014687623,2.261944085816654,7.999680042825525e-05,7.999374321584398e-05
-0.9749770304244185,0.26230289940613394,0.10052834014687623,2.261944085816654,7.999680042825525e-05,7.999374321584398e-05
-0.9749770304244185,0.27863389166814423,0.10052834014687623,2.261944085816654,7.999680042825525e-05,7.999374321584398e-05
-0.9749770304244185,0.27863389166814423,0.10052834014687623,2.261944085816654,7.999680042825525e-05,7.999374321584398e-05
-0.9749770304244185,0.2949648839301545,0.10052834014687623,2.261944085816654,7.999680042825525e-05,7.999374321584398e-05
-0.9749770304244185,0.2949648839301545,0.10052834014687623,2.261944085816654,7.999680042825525e-05,7.999374321584398e-05
-0.9749770304244185,0.3112958761921648,0.10052834014687623,2.261944085816654,7.999680042825525e-05,7.999374321584398e-05
-0.9749770304244185,0.3112958761921648,0.10052834014687623,2.261944085816654,7.999680042825525e-05,7.999374321584398e-05
-0.9749770304244185,0.3276268684541751,0.10052834014687623,2.261944085816654,7.999680042825525e-05,7.999374321584398e-05
-0.9749770304244185,0.3276268684541751,0.10052834014687623,2.261944085816654,7.999680042825525e-05,7.999374321584398e-05
-0.9749770304244185,0.3439578607161854,0.10052834014687623,2.261944085816654,7.999680042825525e-05,7.999374321584398e-05
-0.9749770304244185,0.3439578607161854,0.10052834014687623,2.261944085816654,7.999680042825525e-05,7.999374321584398e-05
-0.9749770304244185,0.36028885297819574,0.10052834014687623,2.261944085816654,7.999680042825525e-05,7.999374321584398e-05
-0.9749770304244185,0.36028885297819574,0.10052834014687623,2.261944085816654,7.999680042825525e-05,7.999374321584398e-05
-0.9749770304244185,0.37661984524020603,0.10052834014687623,2.261944085816654,7.999680042825525e-05,7.999374321584398e-05
-0.9749770304244185,0.37661984524020603,0.10052834014687623,2.261944085816654,7.999680042825525e-05,7.999374321584398e-05
-0.9749770304244185,0.3929508375022163,0.10052834014687623,2.261944085816654,7.999680042825525e-05,7.999374321584398e-05
-0.9749770304244185,0.3929508375022163,0.10052834014687623,2.261944085816654,7.999680042825525e-05,7.999374321584398e-05
-0.9749770304244185,0.4092818297642266,0.10052834014687623,2.261944085816654,7.999680042825525e-05,7.999374321584398e-05
-0.9749770304244185,0.4092818297642266,0.10052834014687623,2.261944085816654,7.999680042825525e-05,7.999374321584398e-05
-0.9749770304244185,0.4256128220262369,0.10052834014687623,2.261944085816654,7.999680042825525e-05,7.999374321584398e-05
-0.9749770304244185,0.4256128220262369,0.10052834014687623,2.261944085816654,7.999680042825525e-05,7.999374321584398e-05
-0.9749770304244185,0.4419438142882472,0.10052834014687623,2.111152887980338,7.999680042825525e-05,7.999344867485193e-05
-0.9749770304244185,0.4419438142882472,0.10052834014687623,2.111152887980338,7.999680042825525e-05,7.999344867485193e-05
-0.9749770304244185,0.45827480655025754,0.10052834014687623,2.111152887980338,7.999680042825525e-05,7.999344867485193e-05
-0.9749770304244185,0.45827480655025754,0.10052834014687623,2.111152887980338,7.999680042825525e-05,7.999344867485193e-05
-0.9749770304244185,0.47460579881226783,0.10052834014687623,2.111152887980338,7.999680042825525e-05,7.999344867485193e-05
-0.9749770304244185,0.47460579881226783,0.10052834014687623,2.111152887980338,7.999680042825525e-05,7.999344867485193e-05
-0.9749770304244185,0.4909367910742781,0.10052834014687623,2.111152887980338,7.999680042825525e-05,7.999344867485193e-05
-0.9749770304244185,0.4909367910742781,0.10052834014687623,2.111152887980338,7.999680042825525e-05,7.999344867485193e-05
-0.9749770304244185,0.5072677833362884,0.10052834014687623,2.111152887980338,7.999680042825525e-05,7.999344867485193e-05
-0.9749770304244185,0.5072677833362884,0.10052834014687623,2.111152887980338,7.999680042825525e-05,7.999344867485193e-05
-0.758315468107881,0.05,0.10052834014687623,2.161418370437774,7.999680042825525e-05,7.999345221753161e-05
-0.758315468107881,0.05,0.10052834014687623,2.161418370437774,7.999680042825525e-05,7.999345221753161e-05
-0.758315468107881,0.06633099226201031,0.10052834014687623,2.161418370437774,7.999680042825525e-05,7.999345221753161e-05
-0.758315468107881,0.06633099226201031,0.10052834014687623,2.161418370437774,7.999680042825525e-05,7.999345221753161e-05
-0.758315468107881,0.0826619845240206,0.10052834014687623,2.161418370437774,7.999680042825525e-05,7.999345221753161e-05
-0.758315468107881,0.0826619845240206,0.10052834014687623,2.161418370437774,7.999680042825525e-05,7.999345221753161e-05
-0.758315468107881,0.0989929767860309,0.10052834014687623,2.161418370437774,7.999680042825525e-05,7.999345221753161e-05
-0.758315468107881,0.0989929767860309,0.10052834014687623,2.161418370437774,7.999680042825525e-05,7.999345221753161e-05
-0.758315468107881,0.11532396904804121,0.10052834014687623,2.161418370437774,7.999680042825525e-05,7.999345221753161e-05
-0.758315468107881,0.11532396904804121,0.10052834014687623,2.161418370437774,7.999680042825525e-05,7.999345221753161e-05
-0.758315468107881,0.1316549613100515,0.10052834014687623,2.161418370437774,7.999680042825525e-05,7.999345221753161e-05
-0.758315468107881,0.1316549613100515,0.10052834014687623,2.161418370437774,7.999680042825525e-05,7.999345221753161e-05
-0.758315468107881,0.1479859535720618,0.10052834014687623,2.261944085816654,7.999680042825525e-05,7.999374321584398e-05
-0.758315468107881,0.1479859535720618,0.10052834014687623,2.261944085816654,7.999680042825525e-05,7.999374321584398e-05
-0.758315468107881,0.1643169458340721,0.10052834014687623,2.261944085816654,7.999680042825525e-05,7.999374321584398e-05
-0.758315468107881,0.1643169458340721,0.10052834014687623,2.261944085816654,7.999680042825525e-05,7.999374321584398e-05
-0.758315468107881,0.18064793809608243,0.10052834014687623,2.261944085816654,7.999680042825525e-05,7.999374321584398e-05
-0.758315468107881,0.18064793809608243,0.10052834014687623,2.261944085816654,7.999680042825525e-05,7.999374321584398e-05
-0.758315468107881,0.19697893035809272,0.10052834014687623,2.261944085816654,7.999680042825525e-05,7.999374321584398e-05
-0.758315468107881,0.19697893035809272,0.10052834014687623,2.261944085816654,7.999680042825525e-05,7.999374321584398e-05
-0.758315468107881,0.213309922620103,0.10052834014687623,2.261944085816654,7.999680042825525e-05,7.999374321584398e-05
-0.758315468107881,0.213309922620103,0.10052834014687623,2.261944085816654,7.999680042825525e-05,7.999374321584398e-05
-0.758315468107881,0.2296409148821133,0.10052834014687623,2.261944085816654,7.999680042825525e-05,7.999374321584398e-05
-0.758315468107881,0.2296409148821133,0.10052834014687623,2.261944085816654,7.999680042825525e-05,7.999374321584398e-05
-0.758315468107881,0.2459719071441236,0.10052834014687623,2.261944085816654,7.999680042825525e-05,7.999374321584398e-05
-0.758315468107881,0.2459719071441236,0.10052834014687623,2.261944085816654,7.999680042825525e-05,7.999374321584398e-05
-0.758315468107881,0.26230289940613394,0.10052834014687623,2.261944085816654,7.999680042825525e-05,7.999374321584398e-05
-0.758315468107881,0.26230289940613394,0.10052834014687623,2.261944085816654,7.999680042825525e-05,7.999374321584398e-05
-0.758315468107881,0.27863389166814423,0.10052834014687623,2.261944085816654,7.999680042825525e-05,7.999374321584398e-05
-0.758315468107881,0.27863389166814423,0.10052834014687623,2.261944085816654,7.999680042825525e-05,7.999374321584398e-05
-0.758315468107881,0.2949648839301545,0.10052834014687623,2.261944085816654,7.999680042825525e-05,7.999374321584398e-05
-0.758315468107881,0.2949648839301545,0.10052834014687623,2.261944085816654,7.999680042825525e-05,7.999374321584398e-05
-0.758315468107881,0.3112958761921648,0.10052834014687623,2.261944085816654,7.999680042825525e-05,7.999374321584398e-05
-0.758315468107881,0.3112958761921648,0.10052834014687623,2.261944085816654,7.999680042825525e-05,7.999374321584398e-05
-0.758315468107881,0.3276268684541751,0.10052834014687623,2.261944085816654,7.999680042825525e-05,7.999374321584398e-05
-0.758315468107881,0.3276268684541751,0.10052834014687623,2.261944085816654,7.999680042825525e-05,7.999374321584398e-05
-0.758315468107881,0.3439578607161854,0.10052834014687623,2.261944085816654,7.999680042825525e-05,7.999374321584398e-05
-0.758315468107881,0.3439578607161854,0.10052834014687623,2.261944085816654,7.999680042825525e-05,7.999374321584398e-05
-0.758315468107881,0.36028885297819574,0.10052834014687623,2.261944085816654,7.999680042825525e-05,7.999374321584398e-05
-0.758315468107881,0.36028885297819574,0.10052834014687623,2.261944085816654,7.999680042825525e-05,7.999374321584398e-05
-0.758315468107881,0.37661984524020603,0.10052834014687623,2.261944085816654,7.999680042825525e-05,7.999374321584398e-05
-0.758315468107881,0.37661984524020603,0.10052834014687623,2.261944085816654,7.999680042825525e-05,7.999374321584398e-05
-0.758315468107881,0.3929508375022163,0.10052834014687623,2.261944085816654,7.999680042825525e-05,7.999374321584398e-05
-0.758315468107881,0.3929508375022163,0.10052834014687623,2.261944085816654,7.999680042825525e-05,7.999374321584398e-05
-0.758315468107881,0.4092818297642266,0.10052834014687623,2.261944085816654,7.999680042825525e-05,7.999374321584398e-05
-0.758315468107881,0.4092818297642266,0.10052834014687623,2.261944085816654,7.999680042825525e-05,7.999374321584398e-05
-0.758315468107881,0.4256128220262369,0.10052834014687623,2.261944085816654,7.999680042825525e-05,7.999374321584398e-05
-0.758315468107881,0.4256128220262369,0.10052834014687623,2.261944085816654,7.999680042825525e-05,7.999374321584398e-05
-0.758315468107881,0.4419438142882472,0.10052834014687623,2.111152887980338,7.999680042825525e-05,7.999344867485193e-05
-0.758315468107881,0.4419438142882472,0.10052834014687623,2.111152887980338,7.999680042825525e-05,7.999344867485193e-05
-0.758315468107881,0.45827480655025754,0.10052834014687623,2.111152887980338,7.999680042825525e-05,7.999344867485193e-05
-0.758315468107881,0.45827480655025754,0.10052834014687623,2.111152887980338,7.999680042825525e-05,7.999344867485193e-05
-0.758315468107881,0.47460579881226783,0.10052834014687623,2.111152887980338,7.999680042825525e-05,7.999344867485193e-05
-0.758315468107881,0.47460579881226783,0.10052834014687623,2.111152887980338,7.999680042825525e-05,7.999344867485193e-05
-0.758315468107881,0.4909367910742781,0.10052834014687623,2.111152887980338,7.999680042825525e-05,7.999344867485193e-05
-0.758315468107881,0.4909367910742781,0.10052834014687623,2.111152887980338,7.999680042825525e-05,7.999344867485193e-05
-0.758315468107881,0.5072677833362884,0.10052834014687623,2.111152887980338,7.999680042825525e-05,7.999344867485193e-05
-0.758315468107881,0.5072677833362884,0.10052834014687623,2.111152887980338,7.999680042825525e-05,7.999344867485193e-05
-0.5416539057913434,0.05,0.10052834014687623,2.161418370437774,7.999680042825525e-05,7.999345221753161e-05
-0.5416539057913434,0.05,0.10052834014687623,2.161418370437774,7.999680042825525e-05,7.999345221753161e-05
-0.5416539057913434,0.06633099226201031,0.10052834014687623,2.161418370437774,7.999680042825525e-05,7.999345221753161e-05
-0.5416539057913434,0.06633099226201031,0.10052834014687623,2.161418370437774,7.999680042825525e-05,7.999345221753161e-05
-0.5416539057913434,0.0826619845240206,0.10052834014687623,2.161418370437774,7.999680042825525e-05,7.999345221753161e-05
-0.5416539057913434,0.0826619845240206,0.10052834014687623,2.161418370437774,7.999680042825525e-05,7.999345221753161e-05
-0.5416539057913434,0.0989929767860309,0.10052834014687623,2.161418370437774,7.999680042825525e-05,7.999345221753161e-05
-0.5416539057913434,0.0989929767860309,0.10052834014687623,2.161418370437774,7.999680042825525e-05,7.999345221753161e-05
-0.5416539057913434,0.11532396904804121,0.10052834014687623,2.161418370437774,7.999680042825525e-05,7.999345221753161e-05
-0.5416539057913434,0.11532396904804121,0.10052834014687623,2.161418370437774,7.999680042825525e-05,7.999345221753161e-05
-0.5416539057913434,0.1316549613100515,0.10052834014687623,2.161418370437774,7.999680042825525e-05,7.999345221753161e-05
-0.5416539057913434,0.1316549613100515,0.10052834014687623,2.161418370437774,7.999680042825525e-05,7.999345221753161e-05
-0.5416539057913434,0.1479859535720618,0.10052834014687623,2.261944085816654,7.999680042825525e-05,7.999374321584398e-05
-0.5416539057913434,0.1479859535720618,0.10052834014687623,2.261944085816654,7.999680042825525e-05,7.999374321584398e-05
-0.5416539057913434,0.1643169458340721,0.10052834014687623,2.261944085816654,7.999680042825525e-05,7.999374321584398e-05
-0.5416539057913434,0.1643169458340721,0.10052834014687623,2.261944085816654,7.999680042825525e-05,7.999374321584398e-05
-0.5416539057913434,0.18064793809608243,0.10052834014687623,2.261944085816654,7.999680042825525e-05,7.999374321584398e-05
-0.5416539057913434,0.18064793809608243,0.10052834014687623,2.261944085816654,7.999680042825525e-05,7.999374321584398e-05
-0.5416539057913434,0.19697893035809272,0.10052834014687623,2.261944085816654,7.999680042825525e-05,7.999374321584398e-05
-0.5416539057913434,0.19697893035809272,0.10052834014687623,2.261944085816654,7.999680042825525e-05,7.999374321584398e-05
-0.5416539057913434,0.213309922620103,0.10052834014687623,2.261944085816654,7.999680042825525e-05,7.999374321584398e-05
-0.5416539057913434,0.213309922620103,0.10052834014687623,2.261944085816654,7.999680042825525e-05,7.999374321584398e-05
-0.5416539057913434,0.2296409148821133,0.10052834014687623,2.261944085816654,7.999680042825525e-05,7.999374321584398e-05
-0.5416539057913434,0.2296409148821133,0.10052834014687623,2.261944085816654,7.999680042825525e-05,7.999374321584398e-05
-0.5416539057913434,0.2459719071441236,0.10052834014687623,2.261944085816654,7.999680042825525e-05,7.999374321584398e-05
-0.5416539057913434,0.2459719071441236,0.10052834014687623,2.261944085816654,7.999680042825525e-05,7.999374321584398e-05
-0.5416539057913434,0.26230289940613394,0.10052834014687623,2.261944085816654,7.999680042825525e-05,7.999374321584398e-05
-0.5416539057913434,0.26230289940613394,0.10052834014687623,2.261944085816654,7.999680042825525e-05,7.999374321584398e-05
-0.5416539057913434,0.27863389166814423,0.10052834014687623,2.261944085816654,7.999680042825525e-05,7.999374321584398e-05
-0.5416539057913434,0.27863389166814423,0.10052834014687623,2.261944085816654,7.999680042825525e-05,7.999374321584398e-05
-0.5416539057913434,0.2949648839301545,0.10052834014687623,2.261944085816654,7.999680042825525e-05,7.999374321584398e-05
-0.5416539057913434,0.2949648839301545,0.10052834014687623,2.261944085816654,7.999680042825525e-05,7.999374321584398e-05
-0.5416539057913434,0.3112958761921648,0.10052834014687623,2.261944085816654,7.999680042825525e-05,7.999374321584398e-05
-0.5416539057913434,0.3112958761921648,0.10052834014687623,2.261944085816654,7.999680042825525e-05,7.999374321584398e-05
-0.5416539057913434,0.3276268684541751,0.10052834014687623,2.261944085816654,7.999680042825525e-05,7.999374321584398e-05
-0.5416539057913434,0.3276268684541751,0.10052834014687623,2.261944085816654,7.999680042825525e-05,7.999374321584398e-05
-0.5416539057913434,0.3439578607161854,0.10052834014687623,2.261944085816654,7.999680042825525e-05,7.999374321584398e-05
-0.5416539057913434,0.3439578607161854,0.10052834014687623,2.261944085816654,7.999680042825525e-05,7.999374321584398e-05
-0.5416539057913434,0.36028885297819574,0.10052834014687623,2.261944085816654,7.999680042825525e-05,7.999374321584398e-05
-0.5416539057913434,0.36028885297819574,0.10052834014687623,2.261944085816654,7.999680042825525e-05,7.999374321584398e-05
-0.5416539057913434,0.37661984524020603,0.10052834014687623,2.261944085816654,7.999680042825525e-05,7.999374321584398e-05
-0.5416539057913434,0.37661984524020603,0.10052834014687623,2.261944085816654,7.999680042825525e-05,7.999374321584398e-05
-0.5416539057913434,0.3929508375022163,0.10052834014687623,2.261944085816654,7.999680042825525e-05,7.999374321584398e-05
-0.5416539057913434,0.3929508375022163,0.10052834014687623,2.261944085816654,7.999680042825525e-05,7.999374321584398e-05
-0.5416539057913434,0.4092818297642266,0.10052834014687623,2.261944085816654,7.999680042825525e-05,7.999374321584398e-05
-0.5416539057913434,0.4092818297642266,0.10052834014687623,2.261944085816654,7.999680042825525e-05,7.999374321584398e-05
-0.5416539057913434,0.4256128220262369,0.10052834014687623,2.261944085816654,7.999680042825525e-05,7.999374321584398e-05
-0.5416539057913434,0.4256128220262369,0.10052834014687623,2.261944085816654,7.999680042825525e-05,7.999374321584398e-05
-0.5416539057913434,0.4419438142882472,0.10052834014687623,2.111152887980338,7.999680042825525e-05,7.999344867485193e-05
-0.5416539057913434,0.4419438142882472,0.10052834014687623,2.111152887980338,7.999680042825525e-05,7.999344867485193e-05
-0.5416539057913434,0.45827480655025754,0.10052834014687623,2.111152887980338,7.999680042825525e-05,7.999344867485193e-05
-0.5416539057913434,0.45827480655025754,0.10052834014687623,2.111152887980338,7.999680042825525e-05,7.999344867485193e-05
-0.5416539057913434,0.47460579881226783,0.10052834014687623,2.111152887980338,7.999680042825525e-05,7.999344867485193e-05
-0.5416539057913434,0.47460579881226783,0.10052834014687623,2.111152887980338,7.999680042825525e-05,7.999344867485193e-05
-0.5416539057913434,0.4909367910742781,0.10052834014687623,2.111152887980338,7.999680042825525e-05,7.999344867485193e-05
-0.5416539057913434,0.4909367910742781,0.10052834014687623,2.111152887980338,7.999680042825525e-05,7.999344867485193e-05
-0.5416539057913434,0.5072677833362884,0.10052834014687623,2.111152887980338,7.999680042825525e-05,7.999344867485193e-05
-0.5416539057913434,0.5072677833362884,0.10052834014687623,2.111152887980338,7.999680042825525e-05,7.999344867485193e-05
-0.3249923434748059,0.05,0.10052834014687623,2.161418370437774,7.999680042825525e-05,7.999345221753161e-05
-0.3249923434748059,0.05,0.10052834014687623,2.161418370437774,7.999680042825525e-05,7.999345221753161e-05
-0.3249923434748059,0.06633099226201031,0.10052834014687623,2.161418370437774,7.999680042825525e-05,7.999345221753161e-05
-0.3249923434748059,0.06633099226201031,0.10052834014687623,2.161418370437774,7.999680042825525e-05,7.999345221753161e-05
-0.3249923434748059,0.0826619845240206,0.10052834014687623,2.161418370437774,7.999680042825525e-05,7.999345221753161e-05
-0.3249923434748059,0.0826619845240206,0.10052834014687623,2.161418370437774,7.999680042825525e-05,7.999345221753161e-05
-0.3249923434748059,0.0989929767860309,0.10052834014687623,2.161418370437774,7.999680042825525e-05,7.999345221753161e-05
-0.3249923434748059,0.0989929767860309,0.10052834014687623,2.161418370437774,7.999680042825525e-05,7.999345221753161e-05
-0.3249923434748059,0.11532396904804121,0.10052834014687623,2.161418370437774,7.999680042825525e-05,7.999345221753161e-05
-0.3249923434748059,0.11532396904804121,0.10052834014687623,2.161418370437774,7.999680042825525e-05,7.999345221753161e-05
-0.3249923434748059,0.1316549613100515,0.10052834014687623,2.161418370437774,7.999680042825525e-05,7.999345221753161e-05
-0.3249923434748059,0.1316549613100515,0.10052834014687623,2.161418370437774,7.999680042825525e-05,7.999345221753161e-05
-0.3249923434748059,0.1479859535720618,0.10052834014687623,2.261944085816654,7.999680042825525e-05,7.999374321584398e-05
-0.3249923434748059,0.1479859535720618,0.10052834014687623,2.261944085816654,7.999680042825525e-05,7.999374321584398e-05
-0.3249923434748059,0.1643169458340721,0.10052834014687623,2.261944085816654,7.999680042825525e-05,7.999374321584398e-05
-0.3249923434748059,0.1643169458340721,0.10052834014687623,2.261944085816654,7.999680042825525e-05,7.999374321584398e-05
-0.3249923434748059,0.18064793809608243,0.10052834014687623,2.261944085816654,7.999680042825525e-05,7.999374321584398e-05
-0.3249923434748059,0.18064793809608243,0.10052834014687623,2.261944085816654,7.999680042825525e-05,7.999374321584398e-05
-0.3249923434748059,0.19697893035809272,0.10052834014687623,2.261944085816654,7.999680042825525e-05,7.999374321584398e-05
-0.3249923434748059,0.19697893035809272,0.10052834014687623,2.261944085816654,7.999680042825525e-05,7.999374321584398e-05
-0.3249923434748059,0.213309922620103,0.10052834014687623,2.261944085816654,7.999680042825525e-05,7.999374321584398e-05
-0.3249923434748059,0.213309922620103,0.10052834014687623,2.261944085816654,7.999680042825525e-05,7.999374321584398e-05
-0.3249923434748059,0.2296409148821133,0.10052834014687623,2.261944085816654,7.999680042825525e-05,7.999374321584398e-05
-0.3249923434748059,0.2296409148821133,0.10052834014687623,2.261944085816654,7.999680042825525e-05,7.999374321584398e-05
-0.3249923434748059,0.2459719071441236,0.10052834014687623,2.261944085816654,7.999680042825525e-05,7.999374321584398e-05
-0.3249923434748059,0.2459719071441236,0.10052834014687623,2.261944085816654,7.999680042825525e-05,7.999374321584398e-05
-0.3249923434748059,0.26230289940613394,0.10052834014687623,2.261944085816654,7.999680042825525e-05,7.999374321584398e-05
-0.3249923434748059,0.26230289940613394,0.10052834014687623,2.261944085816654,7.999680042825525e-05,7.999374321584398e-05
-0.3249923434748059,0.27863389166814423,0.10052834014687623,2.261944085816654,7.999680042825525e-05,7.999374321584398e-05
-0.3249923434748059,0.27863389166814423,0.10052834014687623,2.261944085816654,7.999680042825525e-05,7.999374321584398e-05
-0.3249923434748059,0.2949648839301545,0.10052834014687623,2.261944085816654,7.999680042825525e-05,7.999374321584398e-05
-0.3249923434748059,0.2949648839301545,0.10052834014687623,2.261944085816654,7.999680042825525e-05,7.999374321584398e-05
-0.3249923434748059,0.3112958761921648,0.10052834014687623,2.261944085816654,7.999680042825525e-05,7.999374321584398e-05
-0.3249923434748059,0.3112958761921648,0.10052834014687623,2.261944085816654,7.999680042825525e-05,7.999374321584398e-05
-0.3249923434748059,0.3276268684541751,0.10052834014687623,2.261944085816654,7.999680042825525e-05,7.999374321584398e-05
-0.3249923434748059,0.3276268684541751,0.10052834014687623,2.261944085816654,7.999680042825525e-05,7.999374321584398e-05
-0.3249923434748059,0.3439578607161854,0.10052834014687623,2.261944085816654,7.999680042825525e-05,7.999374321584398e-05
-0.3249923434748059,0.3439578607161854,0.10052834014687623,2.261944085816654,7.999680042825525e-05,7.999374321584398e-05
-0.3249923434748059,0.36028885297819574,0.10052834014687623,2.261944085816654,7.999680042825525e-05,7.999374321584398e-05
-0.3249923434748059,0.36028885297819574,0.10052834014687623,2.261944085816654,7.999680042825525e-05,7.999374321584398e-05
-0.3249923434748059,0.37661984524020603,0.10052834014687623,2.261944085816654,7.999680042825525e-05,7.999374321584398e-05
-0.3249923434748059,0.37661984524020603,0.10052834014687623,2.261944085816654,7.999680042825525e-05,7.999374321584398e-05
-0.3249923434748059,0.3929508375022163,0.10052834014687623,2.261944085816654,7.999680042825525e-05,7.999374321584398e-05
-0.3249923434748059,0.3929508375022163,0.10052834014687623,2.261944085816654,7.999680042825525e-05,7.999374321584398e-05
-0.3249923434748059,0.4092818297642266,0.10052834014687623,2.261944085816654,7.999680042825525e-05,7.999374321584398e-05
-0.3249923434748059,0.4092818297642266,0.10052834014687623,2.261944085816654,7.999680042825525e-05,7.999374321584398e-05
-0.3249923434748059,0.4256128220262369,0.10052834014687623,2.261944085816654,7.999680042825525e-05,7.999374321584398e-05
-0.3249923434748059,0.4256128220262369,0.10052834014687623,2.261944085816654,7.999680042825525e-05,7.999374321584398e-05
-0.3249923434748059,0.4419438142882472,0.10052834014687623,2.111152887980338,7.999680042825525e-05,7.999344867485193e-05
-0.3249923434748059,0.4419438142882472,0.10052834014687623,2.111152887980338,7.999680042825525e-05,7.999344867485193e-05
-0.3249923434748059,0.45827480655025754,0.10052834014687623,2.111152887980338,7.999680042825525e-05,7.999344867485193e-05
-0.3249923434748059,0.45827480655025754,0.10052834014687623,2.111152887980338,7.999680042825525e-05,7.999344867485193e-05
-0.3249923434748059,0.47460579881226783,0.10052834014687623,2.111152887980338,7.999680042825525e-05,7.999344867485193e-05
-0.3249923434748059,0.47460579881226783,0.10052834014687623,2.111152887980338,7.999680042825525e-05,7.999344867485193e-05
-0.3249923434748059,0.4909367910742781,0.10052834014687623,2.111152887980338,7.999680042825525e-05,7.999344867485193e-05
-0.3249923434748059,0.4909367910742781,0.10052834014687623,2.111152887980338,7.999680042825525e-05,7.999344867485193e-05
-0.3249923434748059,0.5072677833362884,0.10052834014687623,2.111152887980338,7.999680042825525e-05,7.999344867485193e-05
-0.3249923434748059,0.5072677833362884,0.10052834014687623,2.111152887980338,7.999680042825525e-05,7.999344867485193e-05
-0.10833078115826877,0.05,0.10052834014687623,2.161418370437774,7.999680042825525e-05,7.999345221753161e-05
-0.10833078115826877,0.05,0.10052834014687623,2.161418370437774,7.999680042825525e-05,7.999345221753161e-05
-0.10833078115826877,0.06633099226201031,0.10052834014687623,2.161418370437774,7.999680042825525e-05,7.999345221753161e-05
-0.10833078115826877,0.06633099226201031,0.10052834014687623,2.161418370437774,7.999680042825525e-05,7.999345221753161e-05
-0.10833078115826877,0.0826619845240206,0.10052834014687623,2.161418370437774,7.999680042825525e-05,7.999345221753161e-05
-0.10833078115826877,0.0826619845240206,0.10052834014687623,2.161418370437774,7.999680042825525e-05,7.999345221753161e-05
-0.10833078115826877,0.0989929767860309,0.10052834014687623,2.161418370437774,7.999680042825525e-05,7.999345221753161e-05
-0.10833078115826877,0.0989929767860309,0.10052834014687623,2.161418370437774,7.999680042825525e-05,7.999345221753161e-05
-0.10833078115826877,0.11532396904804121,0.10052834014687623,2.161418370437774,7.999680042825525e-05,7.999345221753161e-05
-0.10833078115826877,0.11532396904804121,0.10052834014687623,2.161418370437774,7.999680042825525e-05,7.999345221753161e-05
-0.10833078115826877,0.1316549613100515,0.10052834014687623,2.161418370437774,7.999680042825525e-05,7.999345221753161e-05
-0.10833078115826877,0.1316549613100515,0.10052834014687623,2.161418370437774,7.999680042825525e-05,7.999345221753161e-05
-0.10833078115826877,0.1479859535720618,0.10052834014687623,2.261944085816654,7.999680042825525e-05,7.999374321584398e-05
-0.10833078115826877,0.1479859535720618,0.10052834014687623,2.261944085816654,7.999680042825525e-05,7.999374321584398e-05
-0.10833078115826877,0.1643169458340721,0.10052834014687623,2.261944085816654,7.999680042825525e-05,7.999374321584398e-05
-0.10833078115826877,0.1643169458340721,0.10052834014687623,2.261944085816654,7.999680042825525e-05,7.999374321584398e-05
-0.10833078115826877,0.18064793809608243,0.10052834014687623,2.261944085816654,7.999680042825525e-05,7.999374321584398e-05
-0.10833078115826877,0.18064793809608243,0.10052834014687623,2.261944085816654,7.999680042825525e-05,7.999374321584398e-05
-0.10833078115826877,0.19697893035809272,0.10052834014687623,2.261944085816654,7.999680042825525e-05,7.999374321584398e-05
-0.10833078115826877,0.19697893035809272,0.10052834014687623,2.261944085816654,7.999680042825525e-05,7.999374321584398e-05
-0.10833078115826877,0.213309922620103,0.10052834014687623,2.261944085816654,7.999680042825525e-05,7.999374321584398e-05
-0.10833078115826877,0.213309922620103,0.10052834014687623,2.261944085816654,7.999680042825525e-05,7.999374321584398e-05
-0.10833078115826877,0.2296409148821133,0.10052834014687623,2.261944085816654,7.999680042825525e-05,7.999374321584398e-05
-0.10833078115826877,0.2296409148821133,0.10052834014687623,2.261944085816654,7.999680042825525e-05,7.999374321584398e-05
-0.10833078115826877,0.2459719071441236,0.10052834014687623,2.261944085816654,7.999680042825525e-05,7.999374321584398e-05
-0.10833078115826877,0.2459719071441236,0.10052834014687623,2.261944085816654,7.999680042825525e-05,7.999374321584398e-05
-0.10833078115826877,0.26230289940613394,0.10052834014687623,2.261944085816654,7.999680042825525e-05,7.999374321584398e-05
-0.10833078115826877,0.26230289940613394,0.10052834014687623,2.261944085816654,7.999680042825525e-05,7.999374321584398e-05
-0.10833078115826877,0.27863389166814423,0.10052834014687623,2.261944085816654,7.999680042825525e-05,7.999374321584398e-05
-0.10833078115826877,0.27863389166814423,0.10052834014687623,2.261944085816654,7.999680042825525e-05,7.999374321584398e-05
-0.10833078115826877,0.2949648839301545,0.10052834014687623,2.261944085816654,7.999680042825525e-05,7.999374321584398e-05
-0.10833078115826877,0.2949648839301545,0.10052834014687623,2.261944085816654,7.999680042825525e-05,7.999374321584398e-05
-0.10833078115826877,0.3112958761921648,0.10052834014687623,2.261944085816654,7.999680042825525e-05,7.999374321584398e-05
-0.10833078115826877,0.3112958761921648,0.10052834014687623,2.261944085816654,7.999680042825525e-05,7.999374321584398e-05
-0.10833078115826877,0.3276268684541751,0.10052834014687623,2.261944085816654,7.999680042825525e-05,7.999374321584398e-05
-0.10833078115826877,0.3276268684541751,0.10052834014687623,2.261944085816654,7.999680042825525e-05,7.999374321584398e-05
-0.10833078115826877,0.3439578607161854,0.10052834014687623,2.261944085816654,7.999680042825525e-05,7.999374321584398e-05
-0.10833078115826877,0.3439578607161854,0.10052834014687623,2.261944085816654,7.999680042825525e-05,7.999374321584398e-05
-0.10833078115826877,0.36028885297819574,0.10052834014687623,2.261944085816654,7.999680042825525e-05,7.999374321584398e-05
-0.10833078115826877,0.36028885297819574,0.10052834014687623,2.261944085816654,7.999680042825525e-05,7.999374321584398e-05
-0.10833078115826877,0.37661984524020603,0.10052834014687623,2.261944085816654,7.999680042825525e-05,7.999374321584398e-05
-0.10833078115826877,0.37661984524020603,0.10052834014687623,2.261944085816654,7.999680042825525e-05,7.999374321584398e-05
-0.10833078115826877,0.3929508375022163,0.10052834014687623,2.261944085816654,7.999680042825525e-05,7.999374321584398e-05
-0.10833078115826877,0.3929508375022163,0.10052834014687623,2.261944085816654,7.999680042825525e-05,7.999374321584398e-05
-0.10833078115826877,0.4092818297642266,0.10052834014687623,2.261944085816654,7.999680042825525e-05,7.999374321584398e-05
-0.10833078115826877,0.4092818297642266,0.10052834014687623,2.261944085816654,7.999680042825525e-05,7.999374321584398e-05
-0.10833078115826877,0.4256128220262369,0.10052834014687623,2.261944085816654,7.999680042825525e-05,7.999374321584398e-05
-0.10833078115826877,0.4256128220262369,0.10052834014687623,2.261944085816654,7.999680042825525e-05,7.999374321584398e-05
-0.10833078115826877,0.4419438142882472,0.10052834014687623,2.111152887980338,7.999680042825525e-05,7.999344867485193e-05
-0.10833078115826877,0.4419438142882472,0.10052834014687623,2.111152887980338,7.999680042825525e-05,7.999344867485193e-05
-0.10833078115826877,0.45827480655025754,0.10052834014687623,2.111152887980338,7.999680042825525e-05,7.999344867485193e-05
-0.10833078115826877,0.45827480655025754,0.10052834014687623,2.111152887980338,7.999680042825525e-05,7.999344867485193e-05
-0.10833078115826877,0.47460579881226783,0.10052834014687623,2.111152887980338,7.999680042825525e-05,7.999344867485193e-05
-0.10833078115826877,0.47460579881226783,0.10052834014687623,2.111152887980338,7.999680042825525e-05,7.999344867485193e-05
-0.10833078115826877,0.4909367910742781,0.10052834014687623,2.111152887980338,7.999680042825525e-05,7.999344867485193e-05
-0.10833078115826877,0.4909367910742781,0.10052834014687623,2.111152887980338,7.999680042825525e-05,7.999344867485193e-05
-0.10833078115826877,0.5072677833362884,0.10052834014687623,2.111152887980338,7.999680042825525e-05,7.999344867485193e-05
-0.10833078115826877,0.5072677833362884,0.10052834014687623,2.111152887980338,7.999680042825525e-05,7.999344867485193e-05
0.10833078115826877,0.05,0.10052834014687623,2.161418370437774,7.999680042825525e-05,7.999345221753161e-05
0.10833078115826877,0.05,0.10052834014687623,2.161418370437774,7.999680042825525e-05,7.999345221753161e-05
0.10833078115826877,0.06633099226201031,0.10052834014687623,2.161418370437774,7.999680042825525e-05,7.999345221753161e-05
0.10833078115826877,0.06633099226201031,0.10052834014687623,2.161418370437774,7.999680042825525e-05,7.999345221753161e-05
0.10833078115826877,0.0826619845240206,0.10052834014687623,2.161418370437774,7.999680042825525e-05,7.999345221753161e-05
0.10833078115826877,0.0826619845240206,0.10052834014687623,2.161418370437774,7.999680042825525e-05,7.999345221753161e-05
0.10833078115826877,0.0989929767860309,0.10052834014687623,2.161418370437774,7.999680042825525e-05,7.999345221753161e-05
0.10833078115826877,0.0989929767860309,0.10052834014687623,2.161418370437774,7.999680042825525e-05,7.999345221753161e-05
0.10833078115826877,0.11532396904804121,0.10052834014687623,2.161418370437774,7.999680042825525e-05,7.999345221753161e-05
0.10833078115826877,0.11532396904804121,0.10052834014687623,2.161418370437774,7.999680042825525e-05,7.999345221753161e-05
0.10833078115826877,0.1316549613100515,0.10052834014687623,2.161418370437774,7.999680042825525e-05,7.999345221753161e-05
0.10833078115826877,0.1316549613100515,0.10052834014687623,2.161418370437774,7.999680042825525e-05,7.999345221753161e-05
0.10833078115826877,0.1479859535720618,0.10052834014687623,2.261944085816654,7.999680042825525e-05,7.999374321584398e-05
0.10833078115826877,0.1479859535720618,0.10052834014687623,2.261944085816654,7.999680042825525e-05,7.999374321584398e-05
0.10833078115826877,0.1643169458340721,0.10052834014687623,2.261944085816654,7.999680042825525e-05,7.999374321584398e-05
0.10833078115826877,0.1643169458340721,0.10052834014687623,2.261944085816654,7.999680042825525e-05,7.999374321584398e-05
0.10833078115826877,0.18064793809608243,0.10052834014687623,2.261944085816654,7.999680042825525e-05,7.999374321584398e-05
0.10833078115826877,0.18064793809608243,0.10052834014687623,2.261944085816654,7.999680042825525e-05,7.999374321584398e-05
0.10833078115826877,0.19697893035809272,0.10052834014687623,2.261944085816654,7.999680042825525e-05,7.999374321584398e-05
0.10833078115826877,0.19697893035809272,0.10052834014687623,2.261944085816654,7.999680042825525e-05,7.999374321584398e-05
0.10833078115826877,0.213309922620103,0.10052834014687623,2.261944085816654,7.999680042825525e-05,7.999374321584398e-05
0.10833078115826877,0.213309922620103,0.10052834014687623,2.261944085816654,7.999680042825525e-05,7.999374321584398e-05
0.10833078115826877,0.2296409148821133,0.10052834014687623,2.261944085816654,7.999680042825525e-05,7.999374321584398e-05
0.10833078115826877,0.2296409148821133,0.10052834014687623,2.261944085816654,7.999680042825525e-05,7.999374321584398e-05
0.10833078115826877,0.2459719071441236,0.10052834014687623,2.261944085816654,7.999680042825525e-05,7.999374321584398e-05
0.10833078115826877,0.2459719071441236,0.10052834014687623,2.261944085816654,7.999680042825525e-05,7.999374321584398e-05
0.10833078115826877,0.26230289940613394,0.10052834014687623,2.261944085816654,7.999680042825525e-05,7.999374321584398e-05
0.10833078115826877,0.26230289940613394,0.10052834014687623,2.261944085816654,7.999680042825525e-05,7.999374321584398e-05
0.10833078115826877,0.27863389166814423,0.10052834014687623,2.261944085816654,7.999680042825525e-05,7.999374321584398e-05
0.10833078115826877,0.27863389166814423,0.10052834014687623,2.261944085816654,7.999680042825525e-05,7.999374321584398e-05
0.10833078115826877,0.2949648839301545,0.10052834014687623,2.261944085816654,7.999680042825525e-05,7.999374321584398e-05
0.10833078115826877,0.2949648839301545,0.10052834014687623,2.261944085816654,7.999680042825525e-05,7.999374321584398e-05
0.10833078115826877,0.3112958761921648,0.10052834014687623,2.261944085816654,7.999680042825525e-05,7.999374321584398e-05
0.10833078115826877,0.3112958761921648,0.10052834014687623,2.261944085816654,7.999680042825525e-05,7.999374321584398e-05
0.10833078115826877,0.3276268684541751,0.10052834014687623,2.261944085816654,7.999680042825525e-05,7.999374321584398e-05
0.10833078115826877,0.3276268684541751,0.10052834014687623,2.261944085816654,7.999680042825525e-05,7.999374321584398e-05
0.10833078115826877,0.3439578607161854,0.10052834014687623,2.261944085816654,7.999680042825525e-05,7.999374321584398e-05
0.10833078115826877,0.3439578607161854,0.10052834014687623,2.261944085816654,7.999680042825525e-05,7.999374321584398e-05
0.10833078115826877,0.36028885297819574,0.10052834014687623,2.261944085816654,7.999680042825525e-05,7.999374321584398e-05
0.10833078115826877,0.36028885297819574,0.10052834014687623,2.261944085816654,7.999680042825525e-05,7.999374321584398e-05
0.10833078115826877,0.37661984524020603,0.10052834014687623,2.261944085816654,7.999680042825525e-05,7.999374321584398e-05
0.10833078115826877,0.37661984524020603,0.10052834014687623,2.261944085816654,7.999680042825525e-05,7.999374321584398e-05
0.10833078115826877,0.3929508375022163,0.10052834014687623,2.261944085816654,7.999680042825525e-05,7.999374321584398e-05
0.10833078115826877,0.3929508375022163,0.10052834014687623,2.261944085816654,7.999680042825525e-05,7.999374321584398e-05
0.10833078115826877,0.4092818297642266,0.10052834014687623,2.261944085816654,7.999680042825525e-05,7.999374321584398e-05
0.10833078115826877,0.4092818297642266,0.10052834014687623,2.261944085816654,7.999680042825525e-05,7.999374321584398e-05
0.10833078115826877,0.4256128220262369,0.10052834014687623,2.261944085816654,7.999680042825525e-05,7.999374321584398e-05
0.10833078115826877,0.4256128220262369,0.10052834014687623,2.261944085816654,7.999680042825525e-05,7.999374321584398e-05
0.10833078115826877,0.4419438142882472,0.10052834014687623,2.111152887980338,7.999680042825525e-05,7.999344867485193e-05
0.10833078115826877,0.4419438142882472,0.10052834014687623,2.111152887980338,7.999680042825525e-05,7.999344867485193e-05
0.10833078115826877,0.45827480655025754,0.10052834014687623,2.111152887980338,7.999680042825525e-05,7.999344867485193e-05
0.10833078115826877,0.45827480655025754,0.10052834014687623,2.111152887980338,7.999680042825525e-05,7.999344867485193e-05
0.10833078115826877,0.47460579881226783,0.10052834014687623,2.111152887980338,7.999680042825525e-05,7.999344867485193e-05
0.10833078115826877,0.47460579881226783,0.10052834014687623,2.111152887980338,7.999680042825525e-05,7.999344867485193e-05
0.10833078115826877,0.4909367910742781,0.10052834014687623,2.111152887980338,7.999680042825525e-05,7.999344867485193e-05
0.10833078115826877,0.4909367910742781,0.10052834014687623,2.111152887980338,7.999680042825525e-05,7.999344867485193e-05
0.10833078115826877,0.5072677833362884,0.10052834014687623,2.111152887980338,7.999680042825525e-05,7.999344867485193e-05
0.10833078115826877,0.5072677833362884,0.10052834014687623,2.111152887980338,7.999680042825525e-05,7.999344867485193e-05
0.3249923434748063,0.05,0.10052834014687623,2.161418370437774,7.999680042825525e-05,7.999345221753161e-05
0.3249923434748063,0.05,0.10052834014687623,2.161418370437774,7.999680042825525e-05,7.999345221753161e-05
0.3249923434748063,0.06633099226201031,0.10052834014687623,2.161418370437774,7.999680042825525e-05,7.999345221753161e-05
0.3249923434748063,0.06633099226201031,0.10052834014687623,2.161418370437774,7.999680042825525e-05,7.999345221753161e-05
0.3249923434748063,0.0826619845240206,0.10052834014687623,2.161418370437774,7.999680042825525e-05,7.999345221753161e-05
0.3249923434748063,0.0826619845240206,0.10052834014687623,2.161418370437774,7.999680042825525e-05,7.999345221753161e-05
0.3249923434748063,0.0989929767860309,0.10052834014687623,2.161418370437774,7.999680042825525e-05,7.999345221753161e-05
0.3249923434748063,0.0989929767860309,0.10052834014687623,2.161418370437774,7.999680042825525e-05,7.999345221753161e-05
0.3249923434748063,0.11532396904804121,0.10052834014687623,2.161418370437774,7.999680042825525e-05,7.999345221753161e-05
0.3249923434748063,0.11532396904804121,0.10052834014687623,2.161418370437774,7.999680042825525e-05,7.999345221753161e-05
0.3249923434748063,0.1316549613100515,0.10052834014687623,2.161418370437774,7.999680042825525e-05,7.999345221753161e-05
0.3249923434748063,0.1316549613100515,0.10052834014687623,2.161418370437774,7.999680042825525e-05,7.999345221753161e-05
0.3249923434748063,0.1479859535720618,0.10052834014687623,2.261944085816654,7.999680042825525e-05,7.999374321584398e-05
0.3249923434748063,0.1479859535720618,0.10052834014687623,2.261944085816654,7.999680042825525e-05,7.999374321584398e-05
0.3249923434748063,0.1643169458340721,0.10052834014687623,2.261944085816654,7.999680042825525e-05,7.999374321584398e-05
0.3249923434748063,0.1643169458340721,0.10052834014687623,2.261944085816654,7.999680042825525e-05,7.999374321584398e-05
0.3249923434748063,0.18064793809608243,0.10052834014687623,2.261944085816654,7.999680042825525e-05,7.999374321584398e-05
0.3249923434748063,0.18064793809608243,0.10052834014687623,2.261944085816654,7.999680042825525e-05,7.999374321584398e-05
0.3249923434748063,0.19697893035809272,0.10052834014687623,2.261944085816654,7.999680042825525e-05,7.999374321584398e-05
0.3249923434748063,0.19697893035809272,0.10052834014687623,2.261944085816654,7.999680042825525e-05,7.999374321584398e-05
0.3249923434748063,0.213309922620103,0.10052834014687623,2.261944085816654,7.999680042825525e-05,7.999374321584398e-05
0.3249923434748063,0.213309922620103,0.10052834014687623,2.261944085816654,7.999680042825525e-05,7.999374321584398e-05
0.3249923434748063,0.2296409148821133,0.10052834014687623,2.261944085816654,7.999680042825525e-05,7.999374321584398e-05
0.3249923434748063,0.2296409148821133,0.10052834014687623,2.261944085816654,7.999680042825525e-05,7.999374321584398e-05
0.3249923434748063,0.2459719071441236,0.10052834014687623,2.261944085816654,7.999680042825525e-05,7.999374321584398e-05
0.3249923434748063,0.2459719071441236,0.10052834014687623,2.261944085816654,7.999680042825525e-05,7.999374321584398e-05
0.3249923434748063,0.26230289940613394,0.10052834014687623,2.261944085816654,7.999680042825525e-05,7.999374321584398e-05
0.3249923434748063,0.26230289940613394,0.10052834014687623,2.261944085816654,7.999680042825525e-05,7.999374321584398e-05
0.3249923434748063,0.27863389166814423,0.10052834014687623,2.261944085816654,7.999680042825525e-05,7.999374321584398e-05
0.3249923434748063,0.27863389166814423,0.10052834014687623,2.261944085816654,7.999680042825525e-05,7.999374321584398e-05
0.3249923434748063,0.2949648839301545,0.10052834014687623,2.261944085816654,7.999680042825525e-05,7.999374321584398e-05
0.3249923434748063,0.2949648839301545,0.10052834014687623,2.261944085816654,7.999680042825525e-05,7.999374321584398e-05
0.3249923434748063,0.3112958761921648,0.10052834014687623,2.261944085816654,7.999680042825525e-05,7.999374321584398e-05
0.3249923434748063,0.3112958761921648,0.10052834014687623,2.261944085816654,7.999680042825525e-05,7.999374321584398e-05
0.3249923434748063,0.3276268684541751,0.10052834014687623,2.261944085816654,7.999680042825525e-05,7.999374321584398e-05
0.3249923434748063,0.3276268684541751,0.10052834014687623,2.261944085816654,7.999680042825525e-05,7.999374321584398e-05
0.3249923434748063,0.3439578607161854,0.10052834014687623,2.261944085816654,7.999680042825525e-05,7.999374321584398e-05
0.3249923434748063,0.3439578607161854,0.10052834014687623,2.261944085816654,7.999680042825525e-05,7.999374321584398e-05
0.3249923434748063,0.36028885297819574,0.10052834014687623,2.261944085816654,7.999680042825525e-05,7.999374321584398e-05
0.3249923434748063,0.36028885297819574,0.10052834014687623,2.261944085816654,7.999680042825525e-05,7.999374321584398e-05
0.3249923434748063,0.37661984524020603,0.10052834014687623,2.261944085816654,7.999680042825525e-05,7.999374321584398e-05
0.3249923434748063,0.37661984524020603,0.10052834014687623,2.261944085816654,7.999680042825525e-05,7.999374321584398e-05
0.3249923434748063,0.3929508375022163,0.10052834014687623,2.261944085816654,7.999680042825525e-05,7.999374321584398e-05
0.3249923434748063,0.3929508375022163,0.10052834014687623,2.261944085816654,7.999680042825525e-05,7.999374321584398e-05
0.3249923434748063,0.4092818297642266,0.10052834014687623,2.261944085816654,7.999680042825525e-05,7.999374321584398e-05
0.3249923434748063,0.4092818297642266,0.10052834014687623,2.261944085816654,7.999680042825525e-05,7.999374321584398e-05
0.3249923434748063,0.4256128220262369,0.10052834014687623,2.261944085816654,7.999680042825525e-05,7.999374321584398e-05
0.3249923434748063,0.4256128220262369,0.10052834014687623,2.261944085816654,7.999680042825525e-05,7.999374321584398e-05
0.3249923434748063,0.4419438142882472,0.10052834014687623,2.111152887980338,7.999680042825525e-05,7.999344867485193e-05
0.3249923434748063,0.4419438142882472,0.10052834014687623,2.111152887980338,7.999680042825525e-05,7.999344867485193e-05
0.3249923434748063,0.45827480655025754,0.10052834014687623,2.111152887980338,7.999680042825525e-05,7.999344867485193e-05
0.3249923434748063,0.45827480655025754,0.10052834014687623,2.111152887980338,7.999680042825525e-05,7.999344867485193e-05
0.3249923434748063,0.47460579881226783,0.10052834014687623,2.111152887980338,7.999680042825525e-05,7.999344867485193e-05
0.3249923434748063,0.47460579881226783,0.10052834014687623,2.111152887980338,7.999680042825525e-05,7.999344867485193e-05
0.3249923434748063,0.4909367910742781,0.10052834014687623,2.111152887980338,7.999680042825525e-05,7.999344867485193e-05
0.3249923434748063,0.4909367910742781,0.10052834014687623,2.111152887980338,7.999680042825525e-05,7.999344867485193e-05
0.3249923434748063,0.5072677833362884,0.10052834014687623,2.111152887980338,7.999680042825525e-05,7.999344867485193e-05
0.3249923434748063,0.5072677833362884,0.10052834014687623,2.111152887980338,7.999680042825525e-05,7.999344867485193e-05
0.5416539057913439,0.05,0.10052834014687623,2.161418370437774,7.999680042825525e-05,7.999345221753161e-05
0.5416539057913439,0.05,0.10052834014687623,2.161418370437774,7.999680042825525e-05,7.999345221753161e-05
0.5416539057913439,0.06633099226201031,0.10052834014687623,2.161418370437774,7.999680042825525e-05,7.999345221753161e-05
0.5416539057913439,0.06633099226201031,0.10052834014687623,2.161418370437774,7.999680042825525e-05,7.999345221753161e-05
0.5416539057913439,0.0826619845240206,0.10052834014687623,2.161418370437774,7.999680042825525e-05,7.999345221753161e-05
0.5416539057913439,0.0826619845240206,0.10052834014687623,2.161418370437774,7.999680042825525e-05,7.999345221753161e-05
0.5416539057913439,0.0989929767860309,0.10052834014687623,2.161418370437774,7.999680042825525e-05,7.999345221753161e-05
0.5416539057913439,0.0989929767860309,0.10052834014687623,2.161418370437774,7.999680042825525e-05,7.999345221753161e-05
0.5416539057913439,0.11532396904804121,0.10052834014687623,2.161418370437774,7.999680042825525e-05,7.999345221753161e-05
0.5416539057913439,0.11532396904804121,0.10052834014687623,2.161418370437774,7.999680042825525e-05,7.999345221753161e-05
0.5416539057913439,0.1316549613100515,0.10052834014687623,2.161418370437774,7.999680042825525e-05,7.999345221753161e-05
0.5416539057913439,0.1316549613100515,0.10052834014687623,2.161418370437774,7.999680042825525e-05,7.999345221753161e-05
0.5416539057913439,0.1479859535720618,0.10052834014687623,2.261944085816654,7.999680042825525e-05,7.999374321584398e-05
0.5416539057913439,0.1479859535720618,0.10052834014687623,2.261944085816654,7.999680042825525e-05,7.999374321584398e-05
0.5416539057913439,0.1643169458340721,0.10052834014687623,2.261944085816654,7.999680042825525e-05,7.999374321584398e-05
0.5416539057913439,0.1643169458340721,0.10052834014687623,2.261944085816654,7.999680042825525e-05,7.999374321584398e-05
0.5416539057913439,0.18064793809608243,0.10052834014687623,2.261944085816654,7.999680042825525e-05,7.999374321584398e-05
0.5416539057913439,0.18064793809608243,0.10052834014687623,2.261944085816654,7.999680042825525e-05,7.999374321584398e-05
0.5416539057913439,0.19697893035809272,0.10052834014687623,2.261944085816654,7.999680042825525e-05,7.999374321584398e-05
0.5416539057913439,0.19697893035809272,0.10052834014687623,2.261944085816654,7.999680042825525e-05,7.999374321584398e-05
0.5416539057913439,0.213309922620103,0.10052834014687623,2.261944085816654,7.999680042825525e-05,7.999374321584398e-05
0.5416539057913439,0.213309922620103,0.10052834014687623,2.261944085816654,7.999680042825525e-05,7.999374321584398e-05
0.5416539057913439,0.2296409148821133,0.10052834014687623,2.261944085816654,7.999680042825525e-05,7.999374321584398e-05
0.5416539057913439,0.2296409148821133,0.10052834014687623,2.261944085816654,7.999680042825525e-05,7.999374321584398e-05
0.5416539057913439,0.2459719071441236,0.10052834014687623,2.261944085816654,7.999680042825525e-05,7.999374321584398e-05
0.5416539057913439,0.2459719071441236,0.10052834014687623,2.261944085816654,7.999680042825525e-05,7.999374321584398e-05
0.5416539057913439,0.26230289940613394,0.10052834014687623,2.261944085816654,7.999680042825525e-05,7.999374321584398e-05
0.5416539057913439,0.26230289940613394,0.10052834014687623,2.261944085816654,7.999680042825525e-05,7.999374321584398e-05
0.5416539057913439,0.27863389166814423,0.10052834014687623,2.261944085816654,7.999680042825525e-05,7.999374321584398e-05
0.5416539057913439,0.27863389166814423,0.10052834014687623,2.261944085816654,7.999680042825525e-05,7.999374321584398e-05
0.5416539057913439,0.2949648839301545,0.10052834014687623,2.261944085816654,7.999680042825525e-05,7.999374321584398e-05
0.5416539057913439,0.2949648839301545,0.10052834014687623,2.261944085816654,7.999680042825525e-05,7.999374321584398e-05
0.5416539057913439,0.3112958761921648,0.10052834014687623,2.261944085816654,7.999680042825525e-05,7.999374321584398e-05
0.5416539057913439,0.3112958761921648,0.10052834014687623,2.261944085816654,7.999680042825525e-05,7.999374321584398e-05
0.5416539057913439,0.3276268684541751,0.10052834014687623,2.261944085816654,7.999680042825525e-05,7.999374321584398e-05
0.5416539057913439,0.3276268684541751,0.10052834014687623,2.261944085816654,7.999680042825525e-05,7.999374321584398e-05
0.5416539057913439,0.3439578607161854,0.10052834014687623,2.261944085816654,7.999680042825525e-05,7.999374321584398e-05
0.5416539057913439,0.3439578607161854,0.10052834014687623,2.261944085816654,7.999680042825525e-05,7.999374321584398e-05
0.5416539057913439,0.36028885297819574,0.10052834014687623,2.261944085816654,7.999680042825525e-05,7.999374321584398e-05
0.5416539057913439,0.36028885297819574,0.10052834014687623,2.261944085816654,7.999680042825525e-05,7.999374321584398e-05
0.5416539057913439,0.37661984524020603,0.10052834014687623,2.261944085816654,7.999680042825525e-05,7.999374321584398e-05
0.5416539057913439,0.37661984524020603,0.10052834014687623,2.261944085816654,7.999680042825525e-05,7.999374321584398e-05
0.5416539057913439,0.3929508375022163,0.10052834014687623,2.261944085816654,7.999680042825525e-05,7.999374321584398e-05
0.5416539057913439,0.3929508375022163,0.10052834014687623,2.261944085816654,7.999680042825525e-05,7.999374321584398e-05
0.5416539057913439,0.4092818297642266,0.10052834014687623,2.261944085816654,7.999680042825525e-05,7.999374321584398e-05
0.5416539057913439,0.4092818297642266,0.10052834014687623,2.261944085816654,7.999680042825525e-05,7.999374321584398e-05
0.5416539057913439,0.4256128220262369,0.10052834014687623,2.261944085816654,7.999680042825525e-05,7.999374321584398e-05
0.5416539057913439,0.4256128220262369,0.10052834014687623,2.261944085816654,7.999680042825525e-05,7.999374321584398e-05
0.5416539057913439,0.4419438142882472,0.10052834014687623,2.111152887980338,7.999680042825525e-05,7.999344867485193e-05
0.5416539057913439,0.4419438142882472,0.10052834014687623,2.111152887980338,7.999680042825525e-05,7.999344867485193e-05
0.5416539057913439,0.45827480655025754,0.10052834014687623,2.111152887980338,7.999680042825525e-05,7.999344867485193e-05
0.5416539057913439,0.45827480655025754,0.10052834014687623,2.111152887980338,7.999680042825525e-05,7.999344867485193e-05
0.5416539057913439,0.47460579881226783,0.10052834014687623,2.111152887980338,7.999680042825525e-05,7.999344867485193e-05
0.5416539057913439,0.47460579881226783,0.10052834014687623,2.111152887980338,7.999680042825525e-05,7.999344867485193e-05
0.5416539057913439,0.4909367910742781,0.10052834014687623,2.111152887980338,7.999680042825525e-05,7.999344867485193e-05
0.5416539057913439,0.4909367910742781,0.10052834014687623,2.111152887980338,7.999680042825525e-05,7.999344867485193e-05
0.5416539057913439,0.5072677833362884,0.10052834014687623,2.111152887980338,7.999680042825525e-05,7.999344867485193e-05
0.5416539057913439,0.5072677833362884,0.10052834014687623,2.111152887980338,7.999680042825525e-05,7.999344867485193e-05
0.7583154681078814,0.05,0.10052834014687623,2.161418370437774,7.999680042825525e-05,7.999345221753161e-05
0.7583154681078814,0.05,0.10052834014687623,2.161418370437774,7.999680042825525e-05,7.999345221753161e-05
0.7583154681078814,0.06633099226201031,0.10052834014687623,2.161418370437774,7.999680042825525e-05,7.999345221753161e-05
0.7583154681078814,0.06633099226201031,0.10052834014687623,2.161418370437774,7.999680042825525e-05,7.999345221753161e-05
0.7583154681078814,0.0826619845240206,0.10052834014687623,2.161418370437774,7.999680042825525e-05,7.999345221753161e-05
0.7583154681078814,0.0826619845240206,0.10052834014687623,2.161418370437774,7.999680042825525e-05,7.999345221753161e-05
0.7583154681078814,0.0989929767860309,0.10052834014687623,2.161418370437774,7.999680042825525e-05,7.999345221753161e-05
0.7583154681078814,0.0989929767860309,0.10052834014687623,2.161418370437774,7.999680042825525e-05,7.999345221753161e-05
0.7583154681078814,0.11532396904804121,0.10052834014687623,2.161418370437774,7.999680042825525e-05,7.999345221753161e-05
0.7583154681078814,0.11532396904804121,0.10052834014687623,2.161418370437774,7.999680042825525e-05,7.999345221753161e-05
0.7583154681078814,0.1316549613100515,0.10052834014687623,2.161418370437774,7.999680042825525e-05,7.999345221753161e-05
0.7583154681078814,0.1316549613100515,0.10052834014687623,2.161418370437774,7.999680042825525e-05,7.999345221753161e-05
0.7583154681078814,0.1479859535720618,0.10052834014687623,2.261944085816654,7.999680042825525e-05,7.999374321584398e-05
0.7583154681078814,0.1479859535720618,0.10052834014687623,2.261944085816654,7.999680042825525e-05,7.999374321584398e-05
0.7583154681078814,0.1643169458340721,0.10052834014687623,2.261944085816654,7.999680042825525e-05,7.999374321584398e-05
0.7583154681078814,0.1643169458340721,0.10052834014687623,2.261944085816654,7.999680042825525e-05,7.999374321584398e-05
0.7583154681078814,0.18064793809608243,0.10052834014687623,2.261944085816654,7.999680042825525e-05,7.999374321584398e-05
0.7583154681078814,0.18064793809608243,0.10052834014687623,2.261944085816654,7.999680042825525e-05,7.999374321584398e-05
0.7583154681078814,0.19697893035809272,0.10052834014687623,2.261944085816654,7.999680042825525e-05,7.999374321584398e-05
0.7583154681078814,0.19697893035809272,0.10052834014687623,2.261944085816654,7.999680042825525e-05,7.999374321584398e-05
0.7583154681078814,0.213309922620103,0.10052834014687623,2.261944085816654,7.999680042825525e-05,7.999374321584398e-05
0.7583154681078814,0.213309922620103,0.10052834014687623,2.261944085816654,7.999680042825525e-05,7.999374321584398e-05
0.7583154681078814,0.2296409148821133,0.10052834014687623,2.261944085816654,7.999680042825525e-05,7.999374321584398e-05
0.7583154681078814,0.2296409148821133,0.10052834014687623,2.261944085816654,7.999680042825525e-05,7.999374321584398e-05
0.7583154681078814,0.2459719071441236,0.10052834014687623,2.261944085816654,7.999680042825525e-05,7.999374321584398e-05
0.7583154681078814,0.2459719071441236,0.10052834014687623,2.261944085816654,7.999680042825525e-05,7.999374321584398e-05
0.7583154681078814,0.26230289940613394,0.10052834014687623,2.261944085816654,7.999680042825525e-05,7.999374321584398e-05
0.7583154681078814,0.26230289940613394,0.10052834014687623,2.261944085816654,7.999680042825525e-05,7.999374321584398e-05
0.7583154681078814,0.27863389166814423,0.10052834014687623,2.261944085816654,7.999680042825525e-05,7.999374321584398e-05
0.7583154681078814,0.27863389166814423,0.10052834014687623,2.261944085816654,7.999680042825525e-05,7.999374321584398e-05
0.7583154681078814,0.2949648839301545,0.10052834014687623,2.261944085816654,7.999680042825525e-05,7.999374321584398e-05
0.7583154681078814,0.2949648839301545,0.10052834014687623,2.261944085816654,7.999680042825525e-05,7.999374321584398e-05
0.7583154681078814,0.3112958761921648,0.10052834014687623,2.261944085816654,7.999680042825525e-05,7.999374321584398e-05
0.7583154681078814,0.3112958761921648,0.10052834014687623,2.261944085816654,7.999680042825525e-05,7.999374321584398e-05
0.7583154681078814,0.3276268684541751,0.10052834014687623,2.261944085816654,7.999680042825525e-05,7.999374321584398e-05
0.7583154681078814,0.3276268684541751,0.10052834014687623,2.261944085816654,7.999680042825525e-05,7.999374321584398e-05
0.7583154681078814,0.3439578607161854,0.10052834014687623,2.261944085816654,7.999680042825525e-05,7.999374321584398e-05
0.7583154681078814,0.3439578607161854,0.10052834014687623,2.261944085816654,7.999680042825525e-05,7.999374321584398e-05
0.7583154681078814,0.36028885297819574,0.10052834014687623,2.261944085816654,7.999680042825525e-05,7.999374321584398e-05
0.7583154681078814,0.36028885297819574,0.10052834014687623,2.261944085816654,7.999680042825525e-05,7.999374321584398e-05
0.7583154681078814,0.37661984524020603,0.10052834014687623,2.261944085816654,7.999680042825525e-05,7.999374321584398e-05
0.7583154681078814,0.37661984524020603,0.10052834014687623,2.261944085816654,7.999680042825525e-05,7.999374321584398e-05
0.7583154681078814,0.3929508375022163,0.10052834014687623,2.261944085816654,7.999680042825525e-05,7.999374321584398e-05
0.7583154681078814,0.3929508375022163,0.10052834014687623,2.261944085816654,7.999680042825525e-05,7.999374321584398e-05
0.7583154681078814,0.4092818297642266,0.10052834014687623,2.261944085816654,7.999680042825525e-05,7.999374321584398e-05
0.7583154681078814,0.4092818297642266,0.10052834014687623,2.261944085816654,7.999680042825525e-05,7.999374321584398e-05
0.7583154681078814,0.4256128220262369,0.10052834014687623,2.261944085816654,7.999680042825525e-05,7.999374321584398e-05
0.7583154681078814,0.4256128220262369,0.10052834014687623,2.261944085816654,7.999680042825525e-05,7.999374321584398e-05
0.7583154681078814,0.4419438142882472,0.10052834014687623,2.111152887980338,7.999680042825525e-05,7.999344867485193e-05
0.7583154681078814,0.4419438142882472,0.10052834014687623,2.111152887980338,7.999680042825525e-05,7.999344867485193e-05
0.7583154681078814,0.45827480655025754,0.10052834014687623,2.111152887980338,7.999680042825525e-05,7.999344867485193e-05
0.7583154681078814,0.45827480655025754,0.10052834014687623,2.111152887980338,7.999680042825525e-05,7.999344867485193e-05
0.7583154681078814,0.47460579881226783,0.10052834014687623,2.111152887980338,7.999680042825525e-05,7.999344867485193e-05
0.7583154681078814,0.47460579881226783,0.10052834014687623,2.111152887980338,7.999680042825525e-05,7.999344867485193e-05
0.7583154681078814,0.4909367910742781,0.10052834014687623,2.111152887980338,7.999680042825525e-05,7.999344867485193e-05
0.7583154681078814,0.4909367910742781,0.10052834014687623,2.111152887980338,7.999680042825525e-05,7.999344867485193e-05
0.7583154681078814,0.5072677833362884,0.10052834014687623,2.111152887980338,7.999680042825525e-05,7.999344867485193e-05
0.7583154681078814,0.5072677833362884,0.10052834014687623,2.111152887980338,7.999680042825525e-05,7.999344867485193e-05
0.9749770304244185,0.05,0.10052834014687623,2.161418370437774,7.999680042825525e-05,7.999345221753161e-05
0.9749770304244185,0.05,0.10052834014687623,2.161418370437774,7.999680042825525e-05,7.999345221753161e-05
0.9749770304244185,0.06633099226201031,0.10052834014687623,2.161418370437774,7.999680042825525e-05,7.999345221753161e-05
0.9749770304244185,0.06633099226201031,0.10052834014687623,2.161418370437774,7.999680042825525e-05,7.999345221753161e-05
0.9749770304244185,0.0826619845240206,0.10052834014687623,2.161418370437774,7.999680042825525e-05,7.999345221753161e-05
0.9749770304244185,0.0826619845240206,0.10052834014687623,2.161418370437774,7.999680042825525e-05,7.999345221753161e-05
0.9749770304244185,0.0989929767860309,0.10052834014687623,2.161418370437774,7.999680042825525e-05,7.999345221753161e-05
0.9749770304244185,0.0989929767860309,0.10052834014687623,2.161418370437774,7.999680042825525e-05,7.999345221753161e-05
0.9749770304244185,0.11532396904804121,0.10052834014687623,2.161418370437774,7.999680042825525e-05,7.999345221753161e-05
0.9749770304244185,0.11532396904804121,0.10052834014687623,2.161418370437774,7.999680042825525e-05,7.999345221753161e-05
0.9749770304244185,0.1316549613100515,0.10052834014687623,2.161418370437774,7.999680042825525e-05,7.999345221753161e-05
0.9749770304244185,0.1316549613100515,0.10052834014687623,2.161418370437774,7.999680042825525e-05,7.999345221753161e-05
0.9749770304244185,0.1479859535720618,0.10052834014687623,2.261944085816654,7.999680042825525e-05,7.999374321584398e-05
0.9749770304244185,0.1479859535720618,0.10052834014687623,2.261944085816654,7.999680042825525e-05,7.999374321584398e-05
0.9749770304244185,0.1643169458340721,0.10052834014687623,2.261944085816654,7.999680042825525e-05,7.999374321584398e-05
0.9749770304244185,0.1643169458340721,0.10052834014687623,2.261944085816654,7.999680042825525e-05,7.999374321584398e-05
0.9749770304244185,0.18064793809608243,0.10052834014687623,2.261944085816654,7.999680042825525e-05,7.999374321584398e-05
0.9749770304244185,0.18064793809608243,0.10052834014687623,2.261944085816654,7.999680042825525e-05,7.999374321584398e-05
0.9749770304244185,0.19697893035809272,0.10052834014687623,2.261944085816654,7.999680042825525e-05,7.999374321584398e-05
0.9749770304244185,0.19697893035809272,0.10052834014687623,2.261944085816654,7.999680042825525e-05,7.999374321584398e-05
0.9749770304244185,0.213309922620103,0.10052834014687623,2.261944085816654,7.999680042825525e-05,7.999374321584398e-05
0.9749770304244185,0.213309922620103,0.10052834014687623,2.261944085816654,7.999680042825525e-05,7.999374321584398e-05
0.9749770304244185,0.2296409148821133,0.10052834014687623,2.261944085816654,7.999680042825525e-05,7.999374321584398e-05
0.9749770304244185,0.2296409148821133,0.10052834014687623,2.261944085816654,7.999680042825525e-05,7.999374321584398e-05
0.9749770304244185,0.2459719071441236,0.10052834014687623,2.261944085816654,7.999680042825525e-05,7.999374321584398e-05
0.9749770304244185,0.2459719071441236,0.10052834014687623,2.261944085816654,7.999680042825525e-05,7.999374321584398e-05
0.9749770304244185,0.26230289940613394,0.10052834014687623,2.261944085816654,7.999680042825525e-05,7.999374321584398e-05
0.9749770304244185,0.26230289940613394,0.10052834014687623,2.261944085816654,7.999680042825525e-05,7.999374321584398e-05
0.9749770304244185,0.27863389166814423,0.10052834014687623,2.261944085816654,7.999680042825525e-05,7.999374321584398e-05
0.9749770304244185,0.27863389166814423,0.10052834014687623,2.261944085816654,7.999680042825525e-05,7.999374321584398e-05
0.9749770304244185,0.2949648839301545,0.10052834014687623,2.261944085816654,7.999680042825525e-05,7.999374321584398e-05
0.9749770304244185,0.2949648839301545,0.10052834014687623,2.261944085816654,7.999680042825525e-05,7.999374321584398e-05
0.9749770304244185,0.3112958761921648,0.10052834014687623,2.261944085816654,7.999680042825525e-05,7.999374321584398e-05
0.9749770304244185,0.3112958761921648,0.10052834014687623,2.261944085816654,7.999680042825525e-05,7.999374321584398e-05
0.9749770304244185,0.3276268684541751,0.10052834014687623,2.261944085816654,7.999680042825525e-05,7.999374321584398e-05
0.9749770304244185,0.3276268684541751,0.10052834014687623,2.261944085816654,7.999680042825525e-05,7.999374321584398e-05
0.9749770304244185,0.3439578607161854,0.10052834014687623,2.261944085816654,7.999680042825525e-05,7.999374321584398e-05
0.9749770304244185,0.3439578607161854,0.10052834014687623,2.261944085816654,7.999680042825525e-05,7.999374321584398e-05
0.9749770304244185,0.36028885297819574,0.10052834014687623,2.261944085816654,7.999680042825525e-05,7.999374321584398e-05
0.9749770304244185,0.36028885297819574,0.10052834014687623,2.261944085816654,7.999680042825525e-05,7.999374321584398e-05
0.9749770304244185,0.37661984524020603,0.10052834014687623,2.261944085816654,7.999680042825525e-05,7.999374321584398e-05
0.9749770304244185,0.37661984524020603,0.10052834014687623,2.261944085816654,7.999680042825525e-05,7.999374321584398e-05
0.9749770304244185,0.3929508375022163,0.10052834014687623,2.261944085816654,7.999680042825525e-05,7.999374321584398e-05
0.9749770304244185,0.3929508375022163,0.10052834014687623,2.261944085816654,7.999680042825525e-05,7.999374321584398e-05
0.9749770304244185,0.4092818297642266,0.10052834014687623,2.261944085816654,7.999680042825525e-05,7.999374321584398e-05
0.9749770304244185,0.4092818297642266,0.10052834014687623,2.261944085816654,7.999680042825525e-05,7.999374321584398e-05
0.9749770304244185,0.4256128220262369,0.10052834014687623,2.261944085816654,7.999680042825525e-05,7.999374321584398e-05
0.9749770304244185,0.4256128220262369,0.10052834014687623,2.261944085816654,7.999680042825525e-05,7.999374321584398e-05
0.9749770304244185,0.4419438142882472,0.10052834014687623,2.111152887980338,7.999680042825525e-05,7.999344867485193e-05
0.9749770304244185,0.4419438142882472,0.10052834014687623,2.111152887980338,7.999680042825525e-05,7.999344867485193e-05
0.9749770304244185,0.45827480655025754,0.10052834014687623,2.111152887980338,7.999680042825525e-05,7.999344867485193e-05
0.9749770304244185,0.45827480655025754,0.10052834014687623,2.111152887980338,7.999680042825525e-05,7.999344867485193e-05
0.9749770304244185,0.47460579881226783,0.10052834014687623,2.111152887980338,7.999680042825525e-05,7.999344867485193e-05
0.9749770304244185,0.47460579881226783,0.10052834014687623,2.111152887980338,7.999680042825525e-05,7.999344867485193e-05
0.9749770304244185,0.4909367910742781,0.10052834014687623,2.111152887980338,7.999680042825525e-05,7.999344867485193e-05
0.9749770304244185,0.4909367910742781,0.10052834014687623,2.111152887980338,7.999680042825525e-05,7.999344867485193e-05
0.9749770304244185,0.5072677833362884,0.10052834014687623,2.111152887980338,7.999680042825525e-05,7.999344867485193e-05
0.9749770304244185,0.5072677833362884,0.10052834014687623,2.111152887980338,7.999680042825525e-05,7.999344867485193e-05
1.191638592740956,0.05,0.10052834014687623,2.161418370437774,7.999680042825525e-05,7.999345221753161e-05
1.191638592740956,0.05,0.10052834014687623,2.161418370437774,7.999680042825525e-05,7.999345221753161e-05
1.191638592740956,0.06633099226201031,0.10052834014687623,2.161418370437774,7.999680042825525e-05,7.999345221753161e-05
1.191638592740956,0.06633099226201031,0.10052834014687623,2.161418370437774,7.999680042825525e-05,7.999345221753161e-05
1.191638592740956,0.0826619845240206,0.10052834014687623,2.161418370437774,7.999680042825525e-05,7.999345221753161e-05
1.191638592740956,0.0826619845240206,0.10052834014687623,2.161418370437774,7.999680042825525e-05,7.999345221753161e-05
1.191638592740956,0.0989929767860309,0.10052834014687623,2.161418370437774,7.999680042825525e-05,7.999345221753161e-05
1.191638592740956,0.0989929767860309,0.10052834014687623,2.161418370437774,7.999680042825525e-05,7.999345221753161e-05
1.191638592740956,0.11532396904804121,0.10052834014687623,2.161418370437774,7.999680042825525e-05,7.999345221753161e-05
1.191638592740956,0.11532396904804121,0.10052834014687623,2.161418370437774,7.999680042825525e-05,7.999345221753161e-05
1.191638592740956,0.1316549613100515,0.10052834014687623,2.161418370437774,7.999680042825525e-05,7.999345221753161e-05
1.191638592740956,0.1316549613100515,0.10052834014687623,2.161418370437774,7.999680042825525e-05,7.999345221753161e-05
1.191638592740956,0.1479859535720618,0.10052834014687623,2.261944085816654,7.999680042825525e-05,7.999374321584398e-05
1.191638592740956,0.1479859535720618,0.10052834014687623,2.261944085816654,7.999680042825525e-05,7.999374321584398e-05
1.191638592740956,0.1643169458340721,0.10052834014687623,2.261944085816654,7.999680042825525e-05,7.999374321584398e-05
1.191638592740956,0.1643169458340721,0.10052834014687623,2.261944085816654,7.999680042825525e-05,7.999374321584398e-05
1.191638592740956,0.18064793809608243,0.10052834014687623,2.261944085816654,7.999680042825525e-05,7.999374321584398e-05
1.191638592740956,0.18064793809608243,0.10052834014687623,2.261944085816654,7.999680042825525e-05,7.999374321584398e-05
1.191638592740956,0.19697893035809272,0.10052834014687623,2.261944085816654,7.999680042825525e-05,7.999374321584398e-05
1.191638592740956,0.19697893035809272,0.10052834014687623,2.261944085816654,7.999680042825525e-05,7.999374321584398e-05
1.191638592740956,0.213309922620103,0.10052834014687623,2.261944085816654,7.999680042825525e-05,7.999374321584398e-05
1.191638592740956,0.213309922620103,0.10052834014687623,2.261944085816654,7.999680042825525e-05,7.999374321584398e-05
1.191638592740956,0.2296409148821133,0.10052834014687623,2.261944085816654,7.999680042825525e-05,7.999374321584398e-05
1.191638592740956,0.2296409148821133,0.10052834014687623,2.261944085816654,7.999680042825525e-05,7.999374321584398e-05
1.191638592740956,0.2459719071441236,0.10052834014687623,2.261944085816654,7.999680042825525e-05,7.999374321584398e-05
1.191638592740956,0.2459719071441236,0.10052834014687623,2.261944085816654,7.999680042825525e-05,7.999374321584398e-05
1.191638592740956,0.26230289940613394,0.10052834014687623,2.261944085816654,7.999680042825525e-05,7.999374321584398e-05
1.191638592740956,0.26230289940613394,0.10052834014687623,2.261944085816654,7.999680042825525e-05,7.999374321584398e-05
1.191638592740956,0.27863389166814423,0.10052834014687623,2.261944085816654,7.999680042825525e-05,7.999374321584398e-05
1.191638592740956,0.27863389166814423,0.10052834014687623,2.261944085816654,7.999680042825525e-05,7.999374321584398e-05
1.191638592740956,0.2949648839301545,0.10052834014687623,2.261944085816654,7.999680042825525e-05,7.999374321584398e-05
1.191638592740956,0.2949648839301545,0.10052834014687623,2.261944085816654,7.999680042825525e-05,7.999374321584398e-05
1.191638592740956,0.3112958761921648,0.10052834014687623,2.261944085816654,7.999680042825525e-05,7.999374321584398e-05
1.191638592740956,0.3112958761921648,0.10052834014687623,2.261944085816654,7.999680042825525e-05,7.999374321584398e-05
1.191638592740956,0.3276268684541751,0.10052834014687623,2.261944085816654,7.999680042825525e-05,7.999374321584398e-05
1.191638592740956,0.3276268684541751,0.10052834014687623,2.261944085816654,7.999680042825525e-05,7.999374321584398e-05
1.191638592740956,0.3439578607161854,0.10052834014687623,2.261944085816654,7.999680042825525e-05,7.999374321584398e-05
1.191638592740956,0.3439578607161854,0.10052834014687623,2.261944085816654,7.999680042825525e-05,7.999374321584398e-05
1.191638592740956,0.36028885297819574,0.10052834014687623,2.261944085816654,7.999680042825525e-05,7.999374321584398e-05
1.191638592740956,0.36028885297819574,0.10052834014687623,2.261944085816654,7.999680042825525e-05,7.999374321584398e-05
1.191638592740956,0.37661984524020603,0.10052834014687623,2.261944085816654,7.999680042825525e-05,7.999374321584398e-05
1.191638592740956,0.37661984524020603,0.10052834014687623,2.261944085816654,7.999680042825525e-05,7.999374321584398e-05
1.191638592740956,0.3929508375022163,0.10052834014687623,2.261944085816654,7.999680042825525e-05,7.999374321584398e-05
1.191638592740956,0.3929508375022163,0.10052834014687623,2.261944085816654,7.999680042825525e-05,7.999374321584398e-05
1.191638592740956,0.4092818297642266,0.10052834014687623,2.261944085816654,7.999680042825525e-05,7.999374321584398e-05
1.191638592740956,0.4092818297642266,0.10052834014687623,2.261944085816654,7.999680042825525e-05,7.999374321584398e-05
1.191638592740956,0.4256128220262369,0.10052834014687623,2.261944085816654,7.999680042825525e-05,7.999374321584398e-05
1.191638592740956,0.4256128220262369,0.10052834014687623,2.261944085816654,7.999680042825525e-05,7.999374321584398e-05
1.191638592740956,0.4419438142882472,0.10052834014687623,2.111152887980338,7.999680042825525e-05,7.999344867485193e-05
1.191638592740956,0.4419438142882472,0.10052834014687623,2.111152887980338,7.999680042825525e-05,7.999344867485193e-05
1.191638592740956,0.45827480655025754,0.10052834014687623,2.111152887980338,7.999680042825525e-05,7.999344867485193e-05
1.191638592740956,0.45827480655025754,0.10052834014687623,2.111152887980338,7.999680042825525e-05,7.999344867485193e-05
1.191638592740956,0.47460579881226783,0.10052834014687623,2.111152887980338,7.999680042825525e-05,7.999344867485193e-05
1.191638592740956,0.47460579881226783,0.10052834014687623,2.111152887980338,7.999680042825525e-05,7.999344867485193e-05
1.191638592740956,0.4909367910742781,0.10052834014687623,2.111152887980338,7.999680042825525e-05,7.999344867485193e-05
1.191638592740956,0.4909367910742781,0.10052834014687623,2.111152887980338,7.999680042825525e-05,7.999344867485193e-05
1.191638592740956,0.5072677833362884,0.10052834014687623,2.111152887980338,7.999680042825525e-05,7.999344867485193e-05
1.191638592740956,0.5072677833362884,0.10052834014687623,2.111152887980338,7.999680042825525e-05,7.999344867485193e-05
1.4083001550574936,0.05,0.10052834014687623,2.161418370437774,7.999680042825525e-05,7.999345221753161e-05
1.4083001550574936,0.05,0.10052834014687623,2.161418370437774,7.999680042825525e-05,7.999345221753161e-05
1.4083001550574936,0.06633099226201031,0.10052834014687623,2.161418370437774,7.999680042825525e-05,7.999345221753161e-05
1.4083001550574936,0.06633099226201031,0.10052834014687623,2.161418370437774,7.999680042825525e-05,7.999345221753161e-05
1.4083001550574936,0.0826619845240206,0.10052834014687623,2.161418370437774,7.999680042825525e-05,7.999345221753161e-05
1.4083001550574936,0.0826619845240206,0.10052834014687623,2.161418370437774,7.999680042825525e-05,7.999345221753161e-05
1.4083001550574936,0.0989929767860309,0.10052834014687623,2.161418370437774,7.999680042825525e-05,7.999345221753161e-05
1.4083001550574936,0.0989929767860309,0.10052834014687623,2.161418370437774,7.999680042825525e-05,7.999345221753161e-05
1.4083001550574936,0.11532396904804121,0.10052834014687623,2.161418370437774,7.999680042825525e-05,7.999345221753161e-05
1.4083001550574936,0.11532396904804121,0.10052834014687623,2.161418370437774,7.999680042825525e-05,7.999345221753161e-05
1.4083001550574936,0.1316549613100515,0.10052834014687623,2.161418370437774,7.999680042825525e-05,7.999345221753161e-05
1.4083001550574936,0.1316549613100515,0.10052834014687623,2.161418370437774,7.999680042825525e-05,7.999345221753161e-05
1.4083001550574936,0.1479859535720618,0.10052834014687623,2.261944085816654,7.999680042825525e-05,7.999374321584398e-05
1.4083001550574936,0.1479859535720618,0.10052834014687623,2.261944085816654,7.999680042825525e-05,7.999374321584398e-05
1.4083001550574936,0.1643169458340721,0.10052834014687623,2.261944085816654,7.999680042825525e-05,7.999374321584398e-05
1.4083001550574936,0.1643169458340721,0.10052834014687623,2.261944085816654,7.999680042825525e-05,7.999374321584398e-05
1.4083001550574936,0.18064793809608243,0.10052834014687623,2.261944085816654,7.999680042825525e-05,7.999374321584398e-05
1.4083001550574936,0.18064793809608243,0.10052834014687623,2.261944085816654,7.999680042825525e-05,7.999374321584398e-05
1.4083001550574936,0.19697893035809272,0.10052834014687623,2.261944085816654,7.999680042825525e-05,7.999374321584398e-05
1.4083001550574936,0.19697893035809272,0.10052834014687623,2.261944085816654,7.999680042825525e-05,7.999374321584398e-05
1.4083001550574936,0.213309922620103,0.10052834014687623,2.261944085816654,7.999680042825525e-05,7.999374321584398e-05
1.4083001550574936,0.213309922620103,0.10052834014687623,2.261944085816654,7.999680042825525e-05,7.999374321584398e-05
1.4083001550574936,0.2296409148821133,0.10052834014687623,2.261944085816654,7.999680042825525e-05,7.999374321584398e-05
1.4083001550574936,0.2296409148821133,0.10052834014687623,2.261944085816654,7.999680042825525e-05,7.999374321584398e-05
1.4083001550574936,0.2459719071441236,0.10052834014687623,2.261944085816654,7.999680042825525e-05,7.999374321584398e-05
1.4083001550574936,0.2459719071441236,0.10052834014687623,2.261944085816654,7.999680042825525e-05,7.999374321584398e-05
1.4083001550574936,0.26230289940613394,0.10052834014687623,2.261944085816654,7.999680042825525e-05,7.999374321584398e-05
1.4083001550574936,0.26230289940613394,0.10052834014687623,2.261944085816654,7.999680042825525e-05,7.999374321584398e-05
1.4083001550574936,0.27863389166814423,0.10052834014687623,2.261944085816654,7.999680042825525e-05,7.999374321584398e-05
1.4083001550574936,0.27863389166814423,0.10052834014687623,2.261944085816654,7.999680042825525e-05,7.999374321584398e-05
1.4083001550574936,0.2949648839301545,0.10052834014687623,2.261944085816654,7.999680042825525e-05,7.999374321584398e-05
1.4083001550574936,0.2949648839301545,0.10052834014687623,2.261944085816654,7.999680042825525e-05,7.999374321584398e-05
1.4083001550574936,0.3112958761921648,0.10052834014687623,2.261944085816654,7.999680042825525e-05,7.999374321584398e-05
1.4083001550574936,0.3112958761921648,0.10052834014687623,2.261944085816654,7.999680042825525e-05,7.999374321584398e-05
1.4083001550574936,0.3276268684541751,0.10052834014687623,2.261944085816654,7.999680042825525e-05,7.999374321584398e-05
1.4083001550574936,0.3276268684541751,0.10052834014687623,2.261944085816654,7.999680042825525e-05,7.999374321584398e-05
1.4083001550574936,0.3439578607161854,0.10052834014687623,2.261944085816654,7.999680042825525e-05,7.999374321584398e-05
1.4083001550574936,0.3439578607161854,0.10052834014687623,2.261944085816654,7.999680042825525e-05,7.999374321584398e-05
1.4083001550574936,0.36028885297819574,0.10052834014687623,2.261944085816654,7.999680042825525e-05,7.999374321584398e-05
1.4083001550574936,0.36028885297819574,0.10052834014687623,2.261944085816654,7.999680042825525e-05,7.999374321584398e-05
1.4083001550574936,0.37661984524020603,0.10052834014687623,2.261944085816654,7.999680042825525e-05,7.999374321584398e-05
1.4083001550574936,0.37661984524020603,0.10052834014687623,2.261944085816654,7.999680042825525e-05,7.999374321584398e-05
1.4083001550574936,0.3929508375022163,0.10052834014687623,2.261944085816654,7.999680042825525e-05,7.999374321584398e-05
1.4083001550574936,0.3929508375022163,0.10052834014687623,2.261944085816654,7.999680042825525e-05,7.999374321584398e-05
1.4083001550574936,0.4092818297642266,0.10052834014687623,2.261944085816654,7.999680042825525e-05,7.999374321584398e-05
1.4083001550574936,0.4092818297642266,0.10052834014687623,2.261944085816654,7.999680042825525e-05,7.999374321584398e-05
1.4083001550574936,0.4256128220262369,0.10052834014687623,2.261944085816654,7.999680042825525e-05,7.999374321584398e-05
1.4083001550574936,0.4256128220262369,0.10052834014687623,2.261944085816654,7.999680042825525e-05,7.999374321584398e-05
1.4083001550574936,0.4419438142882472,0.10052834014687623,2.111152887980338,7.999680042825525e-05,7.999344867485193e-05
1.4083001550574936,0.4419438142882472,0.10052834014687623,2.111152887980338,7.999680042825525e-05,7.999344867485193e-05
1.4083001550574936,0.45827480655025754,0.10052834014687623,2.111152887980338,7.999680042825525e-05,7.999344867485193e-05
1.4083001550574936,0.45827480655025754,0.10052834014687623,2.111152887980338,7.999680042825525e-05,7.999344867485193e-05
1.4083001550574936,0.47460579881226783,0.10052834014687623,2.111152887980338,7.999680042825525e-05,7.999344867485193e-05
1.4083001550574936,0.47460579881226783,0.10052834014687623,2.111152887980338,7.999680042825525e-05,7.999344867485193e-05
1.4083001550574936,0.4909367910742781,0.10052834014687623,2.111152887980338,7.999680042825525e-05,7.999344867485193e-05
1.4083001550574936,0.4909367910742781,0.10052834014687623,2.111152887980338,7.999680042825525e-05,7.999344867485193e-05
1.4083001550574936,0.5072677833362884,0.10052834014687623,2.111152887980338,7.999680042825525e-05,7.999344867485193e-05
1.4083001550574936,0.5072677833362884,0.10052834014687623,2.111152887980338,7.999680042825525e-05,7.999344867485193e-05
1.6249617173740312,0.05,0.10052834014687623,2.161418370437774,7.999680042825525e-05,7.999345221753161e-05
1.6249617173740312,0.05,0.10052834014687623,2.161418370437774,7.999680042825525e-05,7.999345221753161e-05
1.6249617173740312,0.06633099226201031,0.10052834014687623,2.161418370437774,7.999680042825525e-05,7.999345221753161e-05
1.6249617173740312,0.06633099226201031,0.10052834014687623,2.161418370437774,7.999680042825525e-05,7.999345221753161e-05
1.6249617173740312,0.0826619845240206,0.10052834014687623,2.161418370437774,7.999680042825525e-05,7.999345221753161e-05
1.6249617173740312,0.0826619845240206,0.10052834014687623,2.161418370437774,7.999680042825525e-05,7.999345221753161e-05
1.6249617173740312,0.0989929767860309,0.10052834014687623,2.161418370437774,7.999680042825525e-05,7.999345221753161e-05
1.6249617173740312,0.0989929767860309,0.10052834014687623,2.161418370437774,7.999680042825525e-05,7.999345221753161e-05
1.6249617173740312,0.11532396904804121,0.10052834014687623,2.161418370437774,7.999680042825525e-05,7.999345221753161e-05
1.6249617173740312,0.11532396904804121,0.10052834014687623,2.161418370437774,7.999680042825525e-05,7.999345221753161e-05
1.6249617173740312,0.1316549613100515,0.10052834014687623,2.161418370437774,7.999680042825525e-05,7.999345221753161e-05
1.6249617173740312,0.1316549613100515,0.10052834014687623,2.161418370437774,7.999680042825525e-05,7.999345221753161e-05
1.6249617173740312,0.1479859535720618,0.10052834014687623,2.261944085816654,7.999680042825525e-05,7.999374321584398e-05
1.6249617173740312,0.1479859535720618,0.10052834014687623,2.261944085816654,7.999680042825525e-05,7.999374321584398e-05
1.6249617173740312,0.1643169458340721,0.10052834014687623,2.261944085816654,7.999680042825525e-05,7.999374321584398e-05
1.6249617173740312,0.1643169458340721,0.10052834014687623,2.261944085816654,7.999680042825525e-05,7.999374321584398e-05
1.6249617173740312,0.18064793809608243,0.10052834014687623,2.261944085816654,7.999680042825525e-05,7.999374321584398e-05
1.6249617173740312,0.18064793809608243,0.10052834014687623,2.261944085816654,7.999680042825525e-05,7.999374321584398e-05
1.6249617173740312,0.19697893035809272,0.10052834014687623,2.261944085816654,7.999680042825525e-05,7.999374321584398e-05
1.6249617173740312,0.19697893035809272,0.10052834014687623,2.261944085816654,7.999680042825525e-05,7.999374321584398e-05
1.6249617173740312,0.213309922620103,0.10052834014687623,2.261944085816654,7.999680042825525e-05,7.999374321584398e-05
1.6249617173740312,0.213309922620103,0.10052834014687623,2.261944085816654,7.999680042825525e-05,7.999374321584398e-05
1.6249617173740312,0.2296409148821133,0.10052834014687623,2.261944085816654,7.999680042825525e-05,7.999374321584398e-05
1.6249617173740312,0.2296409148821133,0.10052834014687623,2.261944085816654,7.999680042825525e-05,7.999374321584398e-05
1.6249617173740312,0.2459719071441236,0.10052834014687623,2.261944085816654,7.999680042825525e-05,7.999374321584398e-05
1.6249617173740312,0.2459719071441236,0.10052834014687623,2.261944085816654,7.999680042825525e-05,7.999374321584398e-05
1.6249617173740312,0.26230289940613394,0.10052834014687623,2.261944085816654,7.999680042825525e-05,7.999374321584398e-05
1.6249617173740312,0.26230289940613394,0.10052834014687623,2.261944085816654,7.999680042825525e-05,7.999374321584398e-05
1.6249617173740312,0.27863389166814423,0.10052834014687623,2.261944085816654,7.999680042825525e-05,7.999374321584398e-05
1.6249617173740312,0.27863389166814423,0.10052834014687623,2.261944085816654,7.999680042825525e-05,7.999374321584398e-05
1.6249617173740312,0.2949648839301545,0.10052834014687623,2.261944085816654,7.999680042825525e-05,7.999374321584398e-05
1.6249617173740312,0.2949648839301545,0.10052834014687623,2.261944085816654,7.999680042825525e-05,7.999374321584398e-05
1.6249617173740312,0.3112958761921648,0.10052834014687623,2.261944085816654,7.999680042825525e-05,7.999374321584398e-05
1.6249617173740312,0.3112958761921648,0.10052834014687623,2.261944085816654,7.999680042825525e-05,7.999374321584398e-05
1.6249617173740312,0.3276268684541751,0.10052834014687623,2.261944085816654,7.999680042825525e-05,7.999374321584398e-05
1.6249617173740312,0.3276268684541751,0.10052834014687623,2.261944085816654,7.999680042825525e-05,7.999374321584398e-05
1.6249617173740312,0.3439578607161854,0.10052834014687623,2.261944085816654,7.999680042825525e-05,7.999374321584398e-05
1.6249617173740312,0.3439578607161854,0.10052834014687623,2.261944085816654,7.999680042825525e-05,7.999374321584398e-05
1.6249617173740312,0.36028885297819574,0.10052834014687623,2.261944085816654,7.999680042825525e-05,7.999374321584398e-05
1.6249617173740312,0.36028885297819574,0.10052834014687623,2.261944085816654,7.999680042825525e-05,7.999374321584398e-05
1.6249617173740312,0.37661984524020603,0.10052834014687623,2.261944085816654,7.999680042825525e-05,7.999374321584398e-05
1.6249617173740312,0.37661984524020603,0.10052834014687623,2.261944085816654,7.999680042825525e-05,7.999374321584398e-05
1.6249617173740312,0.3929508375022163,0.10052834014687623,2.261944085816654,7.999680042825525e-05,7.999374321584398e-05
1.6249617173740312,0.3929508375022163,0.10052834014687623,2.261944085816654,7.999680042825525e-05,7.999374321584398e-05
1.6249617173740312,0.4092818297642266,0.10052834014687623,2.261944085816654,7.999680042825525e-05,7.999374321584398e-05
1.6249617173740312,0.4092818297642266,0.10052834014687623,2.261944085816654,7.999680042825525e-05,7.999374321584398e-05
1.6249617173740312,0.4256128220262369,0.10052834014687623,2.261944085816654,7.999680042825525e-05,7.999374321584398e-05
1.6249617173740312,0.4256128220262369,0.10052834014687623,2.261944085816654,7.999680042825525e-05,7.999374321584398e-05
1.6249617173740312,0.4419438142882472,0.10052834014687623,2.111152887980338,7.999680042825525e-05,7.999344867485193e-05
1.6249617173740312,0.4419438142882472,0.10052834014687623,2.111152887980338,7.999680042825525e-05,7.999344867485193e-05
1.6249617173740312,0.45827480655025754,0.10052834014687623,2.111152887980338,7.999680042825525e-05,7.999344867485193e-05
1.6249617173740312,0.45827480655025754,0.10052834014687623,2.111152887980338,7.999680042825525e-05,7.999344867485193e-05
1.6249617173740312,0.47460579881226783,0.10052834014687623,2.111152887980338,7.999680042825525e-05,7.999344867485193e-05
1.6249617173740312,0.47460579881226783,0.10052834014687623,2.111152887980338,7.999680042825525e-05,7.999344867485193e-05
1.6249617173740312,0.4909367910742781,0.10052834014687623,2.111152887980338,7.999680042825525e-05,7.999344867485193e-05
1.6249617173740312,0.4909367910742781,0.10052834014687623,2.111152887980338,7.999680042825525e-05,7.999344867485193e-05
1.6249617173740312,0.5072677833362884,0.10052834014687623,2.111152887980338,7.999680042825525e-05,7.999344867485193e-05
1.6249617173740312,0.5072677833362884,0.10052834014687623,2.111152887980338,7.999680042825525e-05,7.999344867485193e-05
1.8416232796905687,0.05,0.10052834014687623,2.161418370437774,7.999680042825525e-05,7.999345221753161e-05
1.8416232796905687,0.05,0.10052834014687623,2.161418370437774,7.999680042825525e-05,7.999345221753161e-05
1.8416232796905687,0.06633099226201031,0.10052834014687623,2.161418370437774,7.999680042825525e-05,7.999345221753161e-05
1.8416232796905687,0.06633099226201031,0.10052834014687623,2.161418370437774,7.999680042825525e-05,7.999345221753161e-05
1.8416232796905687,0.0826619845240206,0.10052834014687623,2.161418370437774,7.999680042825525e-05,7.999345221753161e-05
1.8416232796905687,0.0826619845240206,0.10052834014687623,2.161418370437774,7.999680042825525e-05,7.999345221753161e-05
1.8416232796905687,0.0989929767860309,0.10052834014687623,2.161418370437774,7.999680042825525e-05,7.999345221753161e-05
1.8416232796905687,0.0989929767860309,0.10052834014687623,2.161418370437774,7.999680042825525e-05,7.999345221753161e-05
1.8416232796905687,0.11532396904804121,0.10052834014687623,2.161418370437774,7.999680042825525e-05,7.999345221753161e-05
1.8416232796905687,0.11532396904804121,0.10052834014687623,2.161418370437774,7.999680042825525e-05,7.999345221753161e-05
1.8416232796905687,0.1316549613100515,0.10052834014687623,2.161418370437774,7.999680042825525e-05,7.999345221753161e-05
1.8416232796905687,0.1316549613100515,0.10052834014687623,2.161418370437774,7.999680042825525e-05,7.999345221753161e-05
1.8416232796905687,0.1479859535720618,0.10052834014687623,2.261944085816654,7.999680042825525e-05,7.999374321584398e-05
1.8416232796905687,0.1479859535720618,0.10052834014687623,2.261944085816654,7.999680042825525e-05,7.999374321584398e-05
1.8416232796905687,0.1643169458340721,0.10052834014687623,2.261944085816654,7.999680042825525e-05,7.999374321584398e-05
1.8416232796905687,0.1643169458340721,0.10052834014687623,2.261944085816654,7.999680042825525e-05,7.999374321584398e-05
1.8416232796905687,0.18064793809608243,0.10052834014687623,2.261944085816654,7.999680042825525e-05,7.999374321584398e-05
1.8416232796905687,0.18064793809608243,0.10052834014687623,2.261944085816654,7.999680042825525e-05,7.999374321584398e-05
1.8416232796905687,0.19697893035809272,0.10052834014687623,2.261944085816654,7.999680042825525e-05,7.999374321584398e-05
1.8416232796905687,0.19697893035809272,0.10052834014687623,2.261944085816654,7.999680042825525e-05,7.999374321584398e-05
1.8416232796905687,0.213309922620103,0.10052834014687623,2.261944085816654,7.999680042825525e-05,7.999374321584398e-05
1.8416232796905687,0.213309922620103,0.10052834014687623,2.261944085816654,7.999680042825525e-05,7.999374321584398e-05
1.8416232796905687,0.2296409148821133,0.10052834014687623,2.261944085816654,7.999680042825525e-05,7.999374321584398e-05
1.8416232796905687,0.2296409148821133,0.10052834014687623,2.261944085816654,7.999680042825525e-05,7.999374321584398e-05
1.8416232796905687,0.2459719071441236,0.10052834014687623,2.261944085816654,7.999680042825525e-05,7.999374321584398e-05
1.8416232796905687,0.2459719071441236,0.10052834014687623,2.261944085816654,7.999680042825525e-05,7.999374321584398e-05
1.8416232796905687,0.26230289940613394,0.10052834014687623,2.261944085816654,7.999680042825525e-05,7.999374321584398e-05
1.8416232796905687,0.26230289940613394,0.10052834014687623,2.261944085816654,7.999680042825525e-05,7.999374321584398e-05
1.8416232796905687,0.27863389166814423,0.10052834014687623,2.261944085816654,7.999680042825525e-05,7.999374321584398e-05
1.8416232796905687,0.27863389166814423,0.10052834014687623,2.261944085816654,7.999680042825525e-05,7.999374321584398e-05
1.8416232796905687,0.2949648839301545,0.10052834014687623,2.261944085816654,7.999680042825525e-05,7.999374321584398e-05
1.8416232796905687,0.2949648839301545,0.10052834014687623,2.261944085816654,7.999680042825525e-05,7.999374321584398e-05
1.8416232796905687,0.3112958761921648,0.10052834014687623,2.261944085816654,7.999680042825525e-05,7.999374321584398e-05
1.8416232796905687,0.3112958761921648,0.10052834014687623,2.261944085816654,7.999680042825525e-05,7.999374321584398e-05
1.8416232796905687,0.3276268684541751,0.10052834014687623,2.261944085816654,7.999680042825525e-05,7.999374321584398e-05
1.8416232796905687,0.3276268684541751,0.10052834014687623,2.261944085816654,7.999680042825525e-05,7.999374321584398e-05
1.8416232796905687,0.3439578607161854,0.10052834014687623,2.261944085816654,7.999680042825525e-05,7.999374321584398e-05
1.8416232796905687,0.3439578607161854,0.10052834014687623,2.261944085816654,7.999680042825525e-05,7.999374321584398e-05
1.8416232796905687,0.36028885297819574,0.10052834014687623,2.261944085816654,7.999680042825525e-05,7.999374321584398e-05
1.8416232796905687,0.36028885297819574,0.10052834014687623,2.261944085816654,7.999680042825525e-05,7.999374321584398e-05
1.8416232796905687,0.37661984524020603,0.10052834014687623,2.261944085816654,7.999680042825525e-05,7.999374321584398e-05
1.8416232796905687,0.37661984524020603,0.10052834014687623,2.261944085816654,7.999680042825525e-05,7.999374321584398e-05
1.8416232796905687,0.3929508375022163,0.10052834014687623,2.261944085816654,7.999680042825525e-05,7.999374321584398e-05
1.8416232796905687,0.3929508375022163,0.10052834014687623,2.261944085816654,7.999680042825525e-05,7.999374321584398e-05
1.8416232796905687,0.4092818297642266,0.10052834014687623,2.261944085816654,7.999680042825525e-05,7.999374321584398e-05
1.8416232796905687,0.4092818297642266,0.10052834014687623,2.261944085816654,7.999680042825525e-05,7.999374321584398e-05
1.8416232796905687,0.4256128220262369,0.10052834014687623,2.261944085816654,7.999680042825525e-05,7.999374321584398e-05
1.8416232796905687,0.4256128220262369,0.10052834014687623,2.261944085816654,7.999680042825525e-05,7.999374321584398e-05
1.8416232796905687,0.4419438142882472,0.10052834014687623,2.111152887980338,7.999680042825525e-05,7.999344867485193e-05
1.8416232796905687,0.4419438142882472,0.10052834014687623,2.111152887980338,7.999680042825525e-05,7.999344867485193e-05
1.8416232796905687,0.45827480655025754,0.10052834014687623,2.111152887980338,7.999680042825525e-05,7.999344867485193e-05
1.8416232796905687,0.45827480655025754,0.10052834014687623,2.111152887980338,7.999680042825525e-05,7.999344867485193e-05
1.8416232796905687,0.47460579881226783,0.10052834014687623,2.111152887980338,7.999680042825525e-05,7.999344867485193e-05
1.8416232796905687,0.47460579881226783,0.10052834014687623,2.111152887980338,7.999680042825525e-05,7.999344867485193e-05
1.8416232796905687,0.4909367910742781,0.10052834014687623,2.111152887980338,7.999680042825525e-05,7.999344867485193e-05
1.8416232796905687,0.4909367910742781,0.10052834014687623,2.111152887980338,7.999680042825525e-05,7.999344867485193e-05
1.8416232796905687,0.5072677833362884,0.10052834014687623,2.111152887980338,7.999680042825525e-05,7.999344867485193e-05
1.8416232796905687,0.5072677833362884,0.10052834014687623,2.111152887980338,7.999680042825525e-05,7.999344867485193e-05
2.0582848420071063,0.05,0.10052834014687623,2.161418370437774,7.999680042825525e-05,7.999345221753161e-05
2.0582848420071063,0.05,0.10052834014687623,2.161418370437774,7.999680042825525e-05,7.999345221753161e-05
2.0582848420071063,0.06633099226201031,0.10052834014687623,2.161418370437774,7.999680042825525e-05,7.999345221753161e-05
2.0582848420071063,0.06633099226201031,0.10052834014687623,2.161418370437774,7.999680042825525e-05,7.999345221753161e-05
2.0582848420071063,0.0826619845240206,0.10052834014687623,2.161418370437774,7.999680042825525e-05,7.999345221753161e-05
2.0582848420071063,0.0826619845240206,0.10052834014687623,2.161418370437774,7.999680042825525e-05,7.999345221753161e-05
2.0582848420071063,0.0989929767860309,0.10052834014687623,2.161418370437774,7.999680042825525e-05,7.999345221753161e-05
2.0582848420071063,0.0989929767860309,0.10052834014687623,2.161418370437774,7.999680042825525e-05,7.999345221753161e-05
2.0582848420071063,0.11532396904804121,0.10052834014687623,2.161418370437774,7.999680042825525e-05,7.999345221753161e-05
2.0582848420071063,0.11532396904804121,0.10052834014687623,2.161418370437774,7.999680042825525e-05,7.999345221753161e-05
2.0582848420071063,0.1316549613100515,0.10052834014687623,2.161418370437774,7.999680042825525e-05,7.999345221753161e-05
2.0582848420071063,0.1316549613100515,0.10052834014687623,2.161418370437774,7.999680042825525e-05,7.999345221753161e-05
2.0582848420071063,0.1479859535720618,0.10052834014687623,2.261944085816654,7.999680042825525e-05,7.999374321584398e-05
2.0582848420071063,0.1479859535720618,0.10052834014687623,2.261944085816654,7.999680042825525e-05,7.999374321584398e-05
2.0582848420071063,0.1643169458340721,0.10052834014687623,2.261944085816654,7.999680042825525e-05,7.999374321584398e-05
2.0582848420071063,0.1643169458340721,0.10052834014687623,2.261944085816654,7.999680042825525e-05,7.999374321584398e-05
2.0582848420071063,0.18064793809608243,0.10052834014687623,2.261944085816654,7.999680042825525e-05,7.999374321584398e-05
2.0582848420071063,0.18064793809608243,0.10052834014687623,2.261944085816654,7.999680042825525e-05,7.999374321584398e-05
2.0582848420071063,0.19697893035809272,0.10052834014687623,2.261944085816654,7.999680042825525e-05,7.999374321584398e-05
2.0582848420071063,0.19697893035809272,0.10052834014687623,2.261944085816654,7.999680042825525e-05,7.999374321584398e-05
2.0582848420071063,0.213309922620103,0.10052834014687623,2.261944085816654,7.999680042825525e-05,7.999374321584398e-05
2.0582848420071063,0.213309922620103,0.10052834014687623,2.261944085816654,7.999680042825525e-05,7.999374321584398e-05
2.0582848420071063,0.2296409148821133,0.10052834014687623,2.261944085816654,7.999680042825525e-05,7.999374321584398e-05
2.0582848420071063,0.2296409148821133,0.10052834014687623,2.261944085816654,7.999680042825525e-05,7.999374321584398e-05
2.0582848420071063,0.2459719071441236,0.10052834014687623,2.261944085816654,7.999680042825525e-05,7.999374321584398e-05
2.0582848420071063,0.2459719071441236,0.10052834014687623,2.261944085816654,7.999680042825525e-05,7.999374321584398e-05
2.0582848420071063,0.26230289940613394,0.10052834014687623,2.261944085816654,7.999680042825525e-05,7.999374321584398e-05
2.0582848420071063,0.26230289940613394,0.10052834014687623,2.261944085816654,7.999680042825525e-05,7.999374321584398e-05
2.0582848420071063,0.27863389166814423,0.10052834014687623,2.261944085816654,7.999680042825525e-05,7.999374321584398e-05
2.0582848420071063,0.27863389166814423,0.10052834014687623,2.261944085816654,7.999680042825525e-05,7.999374321584398e-05
2.0582848420071063,0.2949648839301545,0.10052834014687623,2.261944085816654,7.999680042825525e-05,7.999374321584398e-05
2.0582848420071063,0.2949648839301545,0.10052834014687623,2.261944085816654,7.999680042825525e-05,7.999374321584398e-05
2.0582848420071063,0.3112958761921648,0.10052834014687623,2.261944085816654,7.999680042825525e-05,7.999374321584398e-05
2.0582848420071063,0.3112958761921648,0.10052834014687623,2.261944085816654,7.999680042825525e-05,7.999374321584398e-05
2.0582848420071063,0.3276268684541751,0.10052834014687623,2.261944085816654,7.999680042825525e-05,7.999374321584398e-05
2.0582848420071063,0.3276268684541751,0.10052834014687623,2.261944085816654,7.999680042825525e-05,7.999374321584398e-05
2.0582848420071063,0.3439578607161854,0.10052834014687623,2.261944085816654,7.999680042825525e-05,7.999374321584398e-05
2.0582848420071063,0.3439578607161854,0.10052834014687623,2.261944085816654,7.999680042825525e-05,7.999374321584398e-05
2.0582848420071063,0.36028885297819574,0.10052834014687623,2.261944085816654,7.999680042825525e-05,7.999374321584398e-05
2.0582848420071063,0.36028885297819574,0.10052834014687623,2.261944085816654,7.999680042825525e-05,7.999374321584398e-05
2.0582848420071063,0.37661984524020603,0.10052834014687623,2.261944085816654,7.999680042825525e-05,7.999374321584398e-05
2.0582848420071063,0.37661984524020603,0.10052834014687623,2.261944085816654,7.999680042825525e-05,7.999374321584398e-05
2.0582848420071063,0.3929508375022163,0.10052834014687623,2.261944085816654,7.999680042825525e-05,7.999374321584398e-05
2.0582848420071063,0.3929508375022163,0.10052834014687623,2.261944085816654,7.999680042825525e-05,7.999374321584398e-05
2.0582848420071063,0.4092818297642266,0.10052834014687623,2.261944085816654,7.999680042825525e-05,7.999374321584398e-05
2.0582848420071063,0.4092818297642266,0.10052834014687623,2.261944085816654,7.999680042825525e-05,7.999374321584398e-05
2.0582848420071063,0.4256128220262369,0.10052834014687623,2.261944085816654,7.999680042825525e-05,7.999374321584398e-05
2.0582848420071063,0.4256128220262369,0.10052834014687623,2.261944085816654,7.999680042825525e-05,7.999374321584398e-05
2.0582848420071063,0.4419438142882472,0.10052834014687623,2.111152887980338,7.999680042825525e-05,7.999344867485193e-05
2.0582848420071063,0.4419438142882472,0.10052834014687623,2.111152887980338,7.999680042825525e-05,7.999344867485193e-05
2.0582848420071063,0.45827480655025754,0.10052834014687623,2.111152887980338,7.999680042825525e-05,7.999344867485193e-05
2.0582848420071063,0.45827480655025754,0.10052834014687623,2.111152887980338,7.999680042825525e-05,7.999344867485193e-05
2.0582848420071063,0.47460579881226783,0.10052834014687623,2.111152887980338,7.999680042825525e-05,7.999344867485193e-05
2.0582848420071063,0.47460579881226783,0.10052834014687623,2.111152887980338,7.999680042825525e-05,7.999344867485193e-05
2.0582848420071063,0.4909367910742781,0.10052834014687623,2.111152887980338,7.999680042825525e-05,7.999344867485193e-05
2.0582848420071063,0.4909367910742781,0.10052834014687623,2.111152887980338,7.999680042825525e-05,7.999344867485193e-05
2.0582848420071063,0.5072677833362884,0.10052834014687623,2.111152887980338,7.999680042825525e-05,7.999344867485193e-05
2.0582848420071063,0.5072677833362884,0.10052834014687623,2.111152887980338,7.999680042825525e-05,7.999344867485193e-05
2.274946404323644,0.05,0.10052834014687623,2.161418370437774,7.999680042825525e-05,7.999345221753161e-05
2.274946404323644,0.05,0.10052834014687623,2.161418370437774,7.999680042825525e-05,7.999345221753161e-05
2.274946404323644,0.06633099226201031,0.10052834014687623,2.161418370437774,7.999680042825525e-05,7.999345221753161e-05
2.274946404323644,0.06633099226201031,0.10052834014687623,2.161418370437774,7.999680042825525e-05,7.999345221753161e-05
2.274946404323644,0.0826619845240206,0.10052834014687623,2.161418370437774,7.999680042825525e-05,7.999345221753161e-05
2.274946404323644,0.0826619845240206,0.10052834014687623,2.161418370437774,7.999680042825525e-05,7.999345221753161e-05
2.274946404323644,0.0989929767860309,0.10052834014687623,2.161418370437774,7.999680042825525e-05,7.999345221753161e-05
2.274946404323644,0.0989929767860309,0.10052834014687623,2.161418370437774,7.999680042825525e-05,7.999345221753161e-05
2.274946404323644,0.11532396904804121,0.10052834014687623,2.161418370437774,7.999680042825525e-05,7.999345221753161e-05
2.274946404323644,0.11532396904804121,0.10052834014687623,2.161418370437774,7.999680042825525e-05,7.999345221753161e-05
2.274946404323644,0.1316549613100515,0.10052834014687623,2.161418370437774,7.999680042825525e-05,7.999345221753161e-05
2.274946404323644,0.1316549613100515,0.10052834014687623,2.161418370437774,7.999680042825525e-05,7.999345221753161e-05
2.274946404323644,0.1479859535720618,0.10052834014687623,2.261944085816654,7.999680042825525e-05,7.999374321584398e-05
2.274946404323644,0.1479859535720618,0.10052834014687623,2.261944085816654,7.999680042825525e-05,7.999374321584398e-05
2.274946404323644,0.1643169458340721,0.10052834014687623,2.261944085816654,7.999680042825525e-05,7.999374321584398e-05
2.274946404323644,0.1643169458340721,0.10052834014687623,2.261944085816654,7.999680042825525e-05,7.999374321584398e-05
2.274946404323644,0.18064793809608243,0.10052834014687623,2.261944085816654,7.999680042825525e-05,7.999374321584398e-05
2.274946404323644,0.18064793809608243,0.10052834014687623,2.261944085816654,7.999680042825525e-05,7.999374321584398e-05
2.274946404323644,0.19697893035809272,0.10052834014687623,2.261944085816654,7.999680042825525e-05,7.999374321584398e-05
2.274946404323644,0.19697893035809272,0.10052834014687623,2.261944085816654,7.999680042825525e-05,7.999374321584398e-05
2.274946404323644,0.213309922620103,0.10052834014687623,2.261944085816654,7.999680042825525e-05,7.999374321584398e-05
2.274946404323644,0.213309922620103,0.10052834014687623,2.261944085816654,7.999680042825525e-05,7.999374321584398e-05
2.274946404323644,0.2296409148821133,0.10052834014687623,2.261944085816654,7.999680042825525e-05,7.999374321584398e-05
2.274946404323644,0.2296409148821133,0.10052834014687623,2.261944085816654,7.999680042825525e-05,7.999374321584398e-05
2.274946404323644,0.2459719071441236,0.10052834014687623,2.261944085816654,7.999680042825525e-05,7.999374321584398e-05
2.274946404323644,0.2459719071441236,0.10052834014687623,2.261944085816654,7.999680042825525e-05,7.999374321584398e-05
2.274946404323644,0.26230289940613394,0.10052834014687623,2.261944085816654,7.999680042825525e-05,7.999374321584398e-05
2.274946404323644,0.26230289940613394,0.10052834014687623,2.261944085816654,7.999680042825525e-05,7.999374321584398e-05
2.274946404323644,0.27863389166814423,0.10052834014687623,2.261944085816654,7.999680042825525e-05,7.999374321584398e-05
2.274946404323644,0.27863389166814423,0.10052834014687623,2.261944085816654,7.999680042825525e-05,7.999374321584398e-05
2.274946404323644,0.2949648839301545,0.10052834014687623,2.261944085816654,7.999680042825525e-05,7.999374321584398e-05
2.274946404323644,0.2949648839301545,0.10052834014687623,2.261944085816654,7.999680042825525e-05,7.999374321584398e-05
2.274946404323644,0.3112958761921648,0.10052834014687623,2.261944085816654,7.999680042825525e-05,7.999374321584398e-05
2.274946404323644,0.3112958761921648,0.10052834014687623,2.261944085816654,7.999680042825525e-05,7.999374321584398e-05
2.274946404323644,0.3276268684541751,0.10052834014687623,2.261944085816654,7.999680042825525e-05,7.999374321584398e-05
2.274946404323644,0.3276268684541751,0.10052834014687623,2.261944085816654,7.999680042825525e-05,7.999374321584398e-05
2.274946404323644,0.3439578607161854,0.10052834014687623,2.261944085816654,7.999680042825525e-05,7.999374321584398e-05
2.274946404323644,0.3439578607161854,0.10052834014687623,2.261944085816654,7.999680042825525e-05,7.999374321584398e-05
2.274946404323644,0.36028885297819574,0.10052834014687623,2.261944085816654,7.999680042825525e-05,7.999374321584398e-05
2.274946404323644,0.36028885297819574,0.10052834014687623,2.261944085816654,7.999680042825525e-05,7.999374321584398e-05
2.274946404323644,0.37661984524020603,0.10052834014687623,2.261944085816654,7.999680042825525e-05,7.999374321584398e-05
2.274946404323644,0.37661984524020603,0.10052834014687623,2.261944085816654,7.999680042825525e-05,7.999374321584398e-05
2.274946404323644,0.3929508375022163,0.10052834014687623,2.261944085816654,7.999680042825525e-05,7.999374321584398e-05
2.274946404323644,0.3929508375022163,0.10052834014687623,2.261944085816654,7.999680042825525e-05,7.999374321584398e-05
2.274946404323644,0.4092818297642266,0.10052834014687623,2.261944085816654,7.999680042825525e-05,7.999374321584398e-05
2.274946404323644,0.4092818297642266,0.10052834014687623,2.261944085816654,7.999680042825525e-05,7.999374321584398e-05
2.274946404323644,0.4256128220262369,0.10052834014687623,2.261944085816654,7.999680042825525e-05,7.999374321584398e-05
2.274946404323644,0.4256128220262369,0.10052834014687623,2.261944085816654,7.999680042825525e-05,7.999374321584398e-05
2.274946404323644,0.4419438142882472,0.10052834014687623,2.111152887980338,7.999680042825525e-05,7.999344867485193e-05
2.274946404323644,0.4419438142882472,0.10052834014687623,2.111152887980338,7.999680042825525e-05,7.999344867485193e-05
2.274946404323644,0.45827480655025754,0.10052834014687623,2.111152887980338,7.999680042825525e-05,7.999344867485193e-05
2.274946404323644,0.45827480655025754,0.10052834014687623,2.111152887980338,7.999680042825525e-05,7.999344867485193e-05
2.274946404323644,0.47460579881226783,0.10052834014687623,2.111152887980338,7.999680042825525e-05,7.999344867485193e-05
2.274946404323644,0.47460579881226783,0.10052834014687623,2.111152887980338,7.999680042825525e-05,7.999344867485193e-05
2.274946404323644,0.4909367910742781,0.10052834014687623,2.111152887980338,7.999680042825525e-05,7.999344867485193e-05
2.274946404323644,0.4909367910742781,0.10052834014687623,2.111152887980338,7.999680042825525e-05,7.999344867485193e-05
2.274946404323644,0.5072677833362884,0.10052834014687623,2.111152887980338,7.999680042825525e-05,7.999344867485193e-05
2.274946404323644,0.5072677833362884,0.10052834014687623,2.111152887980338,7.999680042825525e-05,7.999344867485193e-05
2.4916079666401814,0.05,0.10052834014687623,2.161418370437774,7.999680042825525e-05,7.999345221753161e-05
2.4916079666401814,0.05,0.10052834014687623,2.161418370437774,7.999680042825525e-05,7.999345221753161e-05
2.4916079666401814,0.06633099226201031,0.10052834014687623,2.161418370437774,7.999680042825525e-05,7.999345221753161e-05
2.4916079666401814,0.06633099226201031,0.10052834014687623,2.161418370437774,7.999680042825525e-05,7.999345221753161e-05
2.4916079666401814,0.0826619845240206,0.10052834014687623,2.161418370437774,7.999680042825525e-05,7.999345221753161e-05
2.4916079666401814,0.0826619845240206,0.10052834014687623,2.161418370437774,7.999680042825525e-05,7.999345221753161e-05
2.4916079666401814,0.0989929767860309,0.10052834014687623,2.161418370437774,7.999680042825525e-05,7.999345221753161e-05
2.4916079666401814,0.0989929767860309,0.10052834014687623,2.161418370437774,7.999680042825525e-05,7.999345221753161e-05
2.4916079666401814,0.11532396904804121,0.10052834014687623,2.161418370437774,7.999680042825525e-05,7.999345221753161e-05
2.4916079666401814,0.11532396904804121,0.10052834014687623,2.161418370437774,7.999680042825525e-05,7.999345221753161e-05
2.4916079666401814,0.1316549613100515,0.10052834014687623,2.161418370437774,7.999680042825525e-05,7.999345221753161e-05
2.4916079666401814,0.1316549613100515,0.10052834014687623,2.161418370437774,7.999680042825525e-05,7.999345221753161e-05
2.4916079666401814,0.1479859535720618,0.10052834014687623,2.261944085816654,7.999680042825525e-05,7.999374321584398e-05
2.4916079666401814,0.1479859535720618,0.10052834014687623,2.261944085816654,7.999680042825525e-05,7.999374321584398e-05
2.4916079666401814,0.1643169458340721,0.10052834014687623,2.261944085816654,7.999680042825525e-05,7.999374321584398e-05
2.4916079666401814,0.1643169458340721,0.10052834014687623,2.261944085816654,7.999680042825525e-05,7.999374321584398e-05
2.4916079666401814,0.18064793809608243,0.10052834014687623,2.261944085816654,7.999680042825525e-05,7.999374321584398e-05
2.4916079666401814,0.18064793809608243,0.10052834014687623,2.261944085816654,7.999680042825525e-05,7.999374321584398e-05
2.4916079666401814,0.19697893035809272,0.10052834014687623,2.261944085816654,7.999680042825525e-05,7.999374321584398e-05
2.4916079666401814,0.19697893035809272,0.10052834014687623,2.261944085816654,7.999680042825525e-05,7.999374321584398e-05
2.4916079666401814,0.213309922620103,0.10052834014687623,2.261944085816654,7.999680042825525e-05,7.999374321584398e-05
2.4916079666401814,0.213309922620103,0.10052834014687623,2.261944085816654,7.999680042825525e-05,7.999374321584398e-05
2.4916079666401814,0.2296409148821133,0.10052834014687623,2.261944085816654,7.999680042825525e-05,7.999374321584398e-05
2.4916079666401814,0.2296409148821133,0.10052834014687623,2.261944085816654,7.999680042825525e-05,7.999374321584398e-05
2.4916079666401814,0.2459719071441236,0.10052834014687623,2.261944085816654,7.999680042825525e-05,7.999374321584398e-05
2.4916079666401814,0.2459719071441236,0.10052834014687623,2.261944085816654,7.999680042825525e-05,7.999374321584398e-05
2.4916079666401814,0.26230289940613394,0.10052834014687623,2.261944085816654,7.999680042825525e-05,7.999374321584398e-05
2.4916079666401814,0.26230289940613394,0.10052834014687623,2.261944085816654,7.999680042825525e-05,7.999374321584398e-05
2.4916079666401814,0.27863389166814423,0.10052834014687623,2.261944085816654,7.999680042825525e-05,7.999374321584398e-05
2.4916079666401814,0.27863389166814423,0.10052834014687623,2.261944085816654,7.999680042825525e-05,7.999374321584398e-05
2.4916079666401814,0.2949648839301545,0.10052834014687623,2.261944085816654,7.999680042825525e-05,7.999374321584398e-05
2.4916079666401814,0.2949648839301545,0.10052834014687623,2.261944085816654,7.999680042825525e-05,7.999374321584398e-05
2.4916079666401814,0.3112958761921648,0.10052834014687623,2.261944085816654,7.999680042825525e-05,7.999374321584398e-05
2.4916079666401814,0.3112958761921648,0.10052834014687623,2.261944085816654,7.999680042825525e-05,7.999374321584398e-05
2.4916079666401814,0.3276268684541751,0.10052834014687623,2.261944085816654,7.999680042825525e-05,7.999374321584398e-05
2.4916079666401814,0.3276268684541751,0.10052834014687623,2.261944085816654,7.999680042825525e-05,7.999374321584398e-05
2.4916079666401814,0.3439578607161854,0.10052834014687623,2.261944085816654,7.999680042825525e-05,7.999374321584398e-05
2.4916079666401814,0.3439578607161854,0.10052834014687623,2.261944085816654,7.999680042825525e-05,7.999374321584398e-05
2.4916079666401814,0.36028885297819574,0.10052834014687623,2.261944085816654,7.999680042825525e-05,7.999374321584398e-05
2.4916079666401814,0.36028885297819574,0.10052834014687623,2.261944085816654,7.999680042825525e-05,7.999374321584398e-05
2.4916079666401814,0.37661984524020603,0.10052834014687623,2.261944085816654,7.999680042825525e-05,7.999374321584398e-05
2.4916079666401814,0.37661984524020603,0.10052834014687623,2.261944085816654,7.999680042825525e-05,7.999374321584398e-05
2.4916079666401814,0.3929508375022163,0.10052834014687623,2.261944085816654,7.999680042825525e-05,7.999374321584398e-05
2.4916079666401814,0.3929508375022163,0.10052834014687623,2.261944085816654,7.999680042825525e-05,7.999374321584398e-05
2.4916079666401814,0.4092818297642266,0.10052834014687623,2.261944085816654,7.999680042825525e-05,7.999374321584398e-05
2.4916079666401814,0.4092818297642266,0.10052834014687623,2.261944085816654,7.999680042825525e-05,7.999374321584398e-05
2.4916079666401814,0.4256128220262369,0.10052834014687623,2.261944085816654,7.999680042825525e-05,7.999374321584398e-05
2.4916079666401814,0.4256128220262369,0.10052834014687623,2.261944085816654,7.999680042825525e-05,7.999374321584398e-05
2.4916079666401814,0.4419438142882472,0.10052834014687623,2.111152887980338,7.999680042825525e-05,7.999344867485193e-05
2.4916079666401814,0.4419438142882472,0.10052834014687623,2.111152887980338,7.999680042825525e-05,7.999344867485193e-05
2.4916079666401814,0.45827480655025754,0.10052834014687623,2.111152887980338,7.999680042825525e-05,7.999344867485193e-05
2.4916079666401814,0.45827480655025754,0.10052834014687623,2.111152887980338,7.999680042825525e-05,7.999344867485193e-05
2.4916079666401814,0.47460579881226783,0.10052834014687623,2.111152887980338,7.999680042825525e-05,7.999344867485193e-05
2.4916079666401814,0.47460579881226783,0.10052834014687623,2.111152887980338,7.999680042825525e-05,7.999344867485193e-05
2.4916079666401814,0.4909367910742781,0.10052834014687623,2.111152887980338,7.999680042825525e-05,7.999344867485193e-05
2.4916079666401814,0.4909367910742781,0.10052834014687623,2.111152887980338,7.999680042825525e-05,7.999344867485193e-05
2.4916079666401814,0.5072677833362884,0.10052834014687623,2.111152887980338,7.999680042825525e-05,7.999344867485193e-05
2.4916079666401814,0.5072677833362884,0.10052834014687623,2.111152887980338,7.999680042825525e-05,7.999344867485193e-05
2.708269528956718,0.05,0.10052834014687623,2.161418370437774,7.999680042825525e-05,7.999345221753161e-05
2.708269528956718,0.05,0.10052834014687623,2.161418370437774,7.999680042825525e-05,7.999345221753161e-05
2.708269528956718,0.06633099226201031,0.10052834014687623,2.161418370437774,7.999680042825525e-05,7.999345221753161e-05
2.708269528956718,0.06633099226201031,0.10052834014687623,2.161418370437774,7.999680042825525e-05,7.999345221753161e-05
2.708269528956718,0.0826619845240206,0.10052834014687623,2.161418370437774,7.999680042825525e-05,7.999345221753161e-05
2.708269528956718,0.0826619845240206,0.10052834014687623,2.161418370437774,7.999680042825525e-05,7.999345221753161e-05
2.708269528956718,0.0989929767860309,0.10052834014687623,2.161418370437774,7.999680042825525e-05,7.999345221753161e-05
2.708269528956718,0.0989929767860309,0.10052834014687623,2.161418370437774,7.999680042825525e-05,7.999345221753161e-05
2.708269528956718,0.11532396904804121,0.10052834014687623,2.161418370437774,7.999680042825525e-05,7.999345221753161e-05
2.708269528956718,0.11532396904804121,0.10052834014687623,2.161418370437774,7.999680042825525e-05,7.999345221753161e-05
2.708269528956718,0.1316549613100515,0.10052834014687623,2.161418370437774,7.999680042825525e-05,7.999345221753161e-05
2.708269528956718,0.1316549613100515,0.10052834014687623,2.161418370437774,7.999680042825525e-05,7.999345221753161e-05
2.708269528956718,0.1479859535720618,0.10052834014687623,2.261944085816654,7.999680042825525e-05,7.999374321584398e-05
2.708269528956718,0.1479859535720618,0.10052834014687623,2.261944085816654,7.999680042825525e-05,7.999374321584398e-05
2.708269528956718,0.1643169458340721,0.10052834014687623,2.261944085816654,7.999680042825525e-05,7.999374321584398e-05
2.708269528956718,0.1643169458340721,0.10052834014687623,2.261944085816654,7.999680042825525e-05,7.999374321584398e-05
2.708269528956718,0.18064793809608243,0.10052834014687623,2.261944085816654,7.999680042825525e-05,7.999374321584398e-05
2.708269528956718,0.18064793809608243,0.10052834014687623,2.261944085816654,7.999680042825525e-05,7.999374321584398e-05
2.708269528956718,0.19697893035809272,0.10052834014687623,2.261944085816654,7.999680042825525e-05,7.999374321584398e-05
2.708269528956718,0.19697893035809272,0.10052834014687623,2.261944085816654,7.999680042825525e-05,7.999374321584398e-05
2.708269528956718,0.213309922620103,0.10052834014687623,2.261944085816654,7.999680042825525e-05,7.999374321584398e-05
2.708269528956718,0.213309922620103,0.10052834014687623,2.261944085816654,7.999680042825525e-05,7.999374321584398e-05
2.708269528956718,0.2296409148821133,0.10052834014687623,2.261944085816654,7.999680042825525e-05,7.999374321584398e-05
2.708269528956718,0.2296409148821133,0.10052834014687623,2.261944085816654,7.999680042825525e-05,7.999374321584398e-05
2.708269528956718,0.2459719071441236,0.10052834014687623,2.261944085816654,7.999680042825525e-05,7.999374321584398e-05
2.708269528956718,0.2459719071441236,0.10052834014687623,2.261944085816654,7.999680042825525e-05,7.999374321584398e-05
2.708269528956718,0.26230289940613394,0.10052834014687623,2.261944085816654,7.999680042825525e-05,7.999374321584398e-05
2.708269528956718,0.26230289940613394,0.10052834014687623,2.261944085816654,7.999680042825525e-05,7.999374321584398e-05
2.708269528956718,0.27863389166814423,0.10052834014687623,2.261944085816654,7.999680042825525e-05,7.999374321584398e-05
2.708269528956718,0.27863389166814423,0.10052834014687623,2.261944085816654,7.999680042825525e-05,7.999374321584398e-05
2.708269528956718,0.2949648839301545,0.10052834014687623,2.261944085816654,7.999680042825525e-05,7.999374321584398e-05
2.708269528956718,0.2949648839301545,0.10052834014687623,2.261944085816654,7.999680042825525e-05,7.999374321584398e-05
2.708269528956718,0.3112958761921648,0.10052834014687623,2.261944085816654,7.999680042825525e-05,7.999374321584398e-05
2.708269528956718,0.3112958761921648,0.10052834014687623,2.261944085816654,7.999680042825525e-05,7.999374321584398e-05
2.708269528956718,0.3276268684541751,0.10052834014687623,2.261944085816654,7.999680042825525e-05,7.999374321584398e-05
2.708269528956718,0.3276268684541751,0.10052834014687623,2.261944085816654,7.999680042825525e-05,7.999374321584398e-05
2.708269528956718,0.3439578607161854,0.10052834014687623,2.261944085816654,7.999680042825525e-05,7.999374321584398e-05
2.708269528956718,0.3439578607161854,0.10052834014687623,2.261944085816654,7.999680042825525e-05,7.999374321584398e-05
2.708269528956718,0.36028885297819574,0.10052834014687623,2.261944085816654,7.999680042825525e-05,7.999374321584398e-05
2.708269528956718,0.36028885297819574,0.10052834014687623,2.261944085816654,7.999680042825525e-05,7.999374321584398e-05
2.708269528956718,0.37661984524020603,0.10052834014687623,2.261944085816654,7.999680042825525e-05,7.999374321584398e-05
2.708269528956718,0.37661984524020603,0.10052834014687623,2.261944085816654,7.999680042825525e-05,7.999374321584398e-05
2.708269528956718,0.3929508375022163,0.10052834014687623,2.261944085816654,7.999680042825525e-05,7.999374321584398e-05
2.708269528956718,0.3929508375022163,0.10052834014687623,2.261944085816654,7.999680042825525e-05,7.999374321584398e-05
2.708269528956718,0.4092818297642266,0.10052834014687623,2.261944085816654,7.999680042825525e-05,7.999374321584398e-05
2.708269528956718,0.4092818297642266,0.10052834014687623,2.261944085816654,7.999680042825525e-05,7.999374321584398e-05
2.708269528956718,0.4256128220262369,0.10052834014687623,2.261944085816654,7.999680042825525e-05,7.999374321584398e-05
2.708269528956718,0.4256128220262369,0.10052834014687623,2.261944085816654,7.999680042825525e-05,7.999374321584398e-05
2.708269528956718,0.4419438142882472,0.10052834014687623,2.111152887980338,7.999680042825525e-05,7.999344867485193e-05
2.708269528956718,0.4419438142882472,0.10052834014687623,2.111152887980338,7.999680042825525e-05,7.999344867485193e-05
2.708269528956718,0.45827480655025754,0.10052834014687623,2.111152887980338,7.999680042825525e-05,7.999344867485193e-05
2.708269528956718,0.45827480655025754,0.10052834014687623,2.111152887980338,7.999680042825525e-05,7.999344867485193e-05
2.708269528956718,0.47460579881226783,0.10052834014687623,2.111152887980338,7.999680042825525e-05,7.999344867485193e-05
2.708269528956718,0.47460579881226783,0.10052834014687623,2.111152887980338,7.999680042825525e-05,7.999344867485193e-05
2.708269528956718,0.4909367910742781,0.10052834014687623,2.111152887980338,7.999680042825525e-05,7.999344867485193e-05
2.708269528956718,0.4909367910742781,0.10052834014687623,2.111152887980338,7.999680042825525e-05,7.999344867485193e-05
2.708269528956718,0.5072677833362884,0.10052834014687623,2.111152887980338,7.999680042825525e-05,7.999344867485193e-05
2.708269528956718,0.5072677833362884,0.10052834014687623,2.111152887980338,7.999680042825525e-05,7.999344867485193e-05
2.9249310912732556,0.05,0.10052834014687623,2.161418370437774,7.999680042825525e-05,7.999345221753161e-05
2.9249310912732556,0.05,0.10052834014687623,2.161418370437774,7.999680042825525e-05,7.999345221753161e-05
2.9249310912732556,0.06633099226201031,0.10052834014687623,2.161418370437774,7.999680042825525e-05,7.999345221753161e-05
2.9249310912732556,0.06633099226201031,0.10052834014687623,2.161418370437774,7.999680042825525e-05,7.999345221753161e-05
2.9249310912732556,0.0826619845240206,0.10052834014687623,2.161418370437774,7.999680042825525e-05,7.999345221753161e-05
2.9249310912732556,0.0826619845240206,0.10052834014687623,2.161418370437774,7.999680042825525e-05,7.999345221753161e-05
2.9249310912732556,0.0989929767860309,0.10052834014687623,2.161418370437774,7.999680042825525e-05,7.999345221753161e-05
2.9249310912732556,0.0989929767860309,0.10052834014687623,2.161418370437774,7.999680042825525e-05,7.999345221753161e-05
2.9249310912732556,0.11532396904804121,0.10052834014687623,2.161418370437774,7.999680042825525e-05,7.999345221753161e-05
2.9249310912732556,0.11532396904804121,0.10052834014687623,2.161418370437774,7.999680042825525e-05,7.999345221753161e-05
2.9249310912732556,0.1316549613100515,0.10052834014687623,2.161418370437774,7.999680042825525e-05,7.999345221753161e-05
2.9249310912732556,0.1316549613100515,0.10052834014687623,2.161418370437774,7.999680042825525e-05,7.999345221753161e-05
2.9249310912732556,0.1479859535720618,0.10052834014687623,2.261944085816654,7.999680042825525e-05,7.999374321584398e-05
2.9249310912732556,0.1479859535720618,0.10052834014687623,2.261944085816654,7.999680042825525e-05,7.999374321584398e-05
2.9249310912732556,0.1643169458340721,0.10052834014687623,2.261944085816654,7.999680042825525e-05,7.999374321584398e-05
2.9249310912732556,0.1643169458340721,0.10052834014687623,2.261944085816654,7.999680042825525e-05,7.999374321584398e-05
2.9249310912732556,0.18064793809608243,0.10052834014687623,2.261944085816654,7.999680042825525e-05,7.999374321584398e-05
2.9249310912732556,0.18064793809608243,0.10052834014687623,2.261944085816654,7.999680042825525e-05,7.999374321584398e-05
2.9249310912732556,0.19697893035809272,0.10052834014687623,2.261944085816654,7.999680042825525e-05,7.999374321584398e-05
2.9249310912732556,0.19697893035809272,0.10052834014687623,2.261944085816654,7.999680042825525e-05,7.999374321584398e-05
2.9249310912732556,0.213309922620103,0.10052834014687623,2.261944085816654,7.999680042825525e-05,7.999374321584398e-05
2.9249310912732556,0.213309922620103,0.10052834014687623,2.261944085816654,7.999680042825525e-05,7.999374321584398e-05
2.9249310912732556,0.2296409148821133,0.10052834014687623,2.261944085816654,7.999680042825525e-05,7.999374321584398e-05
2.9249310912732556,0.2296409148821133,0.10052834014687623,2.261944085816654,7.999680042825525e-05,7.999374321584398e-05
2.9249310912732556,0.2459719071441236,0.10052834014687623,2.261944085816654,7.999680042825525e-05,7.999374321584398e-05
2.9249310912732556,0.2459719071441236,0.10052834014687623,2.261944085816654,7.999680042825525e-05,7.999374321584398e-05
2.9249310912732556,0.26230289940613394,0.10052834014687623,2.261944085816654,7.999680042825525e-05,7.999374321584398e-05
2.9249310912732556,0.26230289940613394,0.10052834014687623,2.261944085816654,7.999680042825525e-05,7.999374321584398e-05
2.9249310912732556,0.27863389166814423,0.10052834014687623,2.261944085816654,7.999680042825525e-05,7.999374321584398e-05
2.9249310912732556,0.27863389166814423,0.10052834014687623,2.261944085816654,7.999680042825525e-05,7.999374321584398e-05
2.9249310912732556,0.2949648839301545,0.10052834014687623,2.261944085816654,7.999680042825525e-05,7.999374321584398e-05
2.9249310912732556,0.2949648839301545,0.10052834014687623,2.261944085816654,7.999680042825525e-05,7.999374321584398e-05
2.9249310912732556,0.3112958761921648,0.10052834014687623,2.261944085816654,7.999680042825525e-05,7.999374321584398e-05
2.9249310912732556,0.3112958761921648,0.10052834014687623,2.261944085816654,7.999680042825525e-05,7.999374321584398e-05
2.9249310912732556,0.3276268684541751,0.10052834014687623,2.261944085816654,7.999680042825525e-05,7.999374321584398e-05
2.9249310912732556,0.3276268684541751,0.10052834014687623,2.261944085816654,7.999680042825525e-05,7.999374321584398e-05
2.9249310912732556,0.3439578607161854,0.10052834014687623,2.261944085816654,7.999680042825525e-05,7.999374321584398e-05
2.9249310912732556,0.3439578607161854,0.10052834014687623,2.261944085816654,7.999680042825525e-05,7.999374321584398e-05
2.9249310912732556,0.36028885297819574,0.10052834014687623,2.261944085816654,7.999680042825525e-05,7.999374321584398e-05
2.9249310912732556,0.36028885297819574,0.10052834014687623,2.261944085816654,7.999680042825525e-05,7.999374321584398e-05
2.9249310912732556,0.37661984524020603,0.10052834014687623,2.261944085816654,7.999680042825525e-05,7.999374321584398e-05
2.9249310912732556,0.37661984524020603,0.10052834014687623,2.261944085816654,7.999680042825525e-05,7.999374321584398e-05
2.9249310912732556,0.3929508375022163,0.10052834014687623,2.261944085816654,7.999680042825525e-05,7.999374321584398e-05
2.9249310912732556,0.3929508375022163,0.10052834014687623,2.261944085816654,7.999680042825525e-05,7.999374321584398e-05
2.9249310912732556,0.4092818297642266,0.10052834014687623,2.261944085816654,7.999680042825525e-05,7.999374321584398e-05
2.9249310912732556,0.4092818297642266,0.10052834014687623,2.261944085816654,7.999680042825525e-05,7.999374321584398e-05
2.9249310912732556,0.4256128220262369,0.10052834014687623,2.261944085816654,7.999680042825525e-05,7.999374321584398e-05
2.9249310912732556,0.4256128220262369,0.10052834014687623,2.261944085816654,7.999680042825525e-05,7.999374321584398e-05
2.9249310912732556,0.4419438142882472,0.10052834014687623,2.111152887980338,7.999680042825525e-05,7.999344867485193e-05
2.9249310912732556,0.4419438142882472,0.10052834014687623,2.111152887980338,7.999680042825525e-05,7.999344867485193e-05
2.9249310912732556,0.45827480655025754,0.10052834014687623,2.111152887980338,7.999680042825525e-05,7.999344867485193e-05
2.9249310912732556,0.45827480655025754,0.10052834014687623,2.111152887980338,7.999680042825525e-05,7.999344867485193e-05
2.9249310912732556,0.47460579881226783,0.10052834014687623,2.111152887980338,7.999680042825525e-05,7.999344867485193e-05
2.9249310912732556,0.47460579881226783,0.10052834014687623,2.111152887980338,7.999680042825525e-05,7.999344867485193e-05
2.9249310912732556,0.4909367910742781,0.10052834014687623,2.111152887980338,7.999680042825525e-05,7.999344867485193e-05
2.9249310912732556,0.4909367910742781,0.10052834014687623,2.111152887980338,7.999680042825525e-05,7.999344867485193e-05
2.9249310912732556,0.5072677833362884,0.10052834014687623,2.111152887980338,7.999680042825525e-05,7.999344867485193e-05
2.9249310912732556,0.5072677833362884,0.10052834014687623,2.111152887980338,7.999680042825525e-05,7.999344867485193e-05
3.141592653589793,0.05,0.10052834014687623,2.161418370437774,7.999680042825525e-05,7.999345221753161e-05
3.141592653589793,0.05,0.10052834014687623,2.161418370437774,7.999680042825525e-05,7.999345221753161e-05
3.141592653589793,0.06633099226201031,0.10052834014687623,2.161418370437774,7.999680042825525e-05,7.999345221753161e-05
3.141592653589793,0.06633099226201031,0.10052834014687623,2.161418370437774,7.999680042825525e-05,7.999345221753161e-05
3.141592653589793,0.0826619845240206,0.10052834014687623,2.161418370437774,7.999680042825525e-05,7.999345221753161e-05
3.141592653589793,0.0826619845240206,0.10052834014687623,2.161418370437774,7.999680042825525e-05,7.999345221753161e-05
3.141592653589793,0.0989929767860309,0.10052834014687623,2.161418370437774,7.999680042825525e-05,7.999345221753161e-05
3.141592653589793,0.0989929767860309,0.10052834014687623,2.161418370437774,7.999680042825525e-05,7.999345221753161e-05
3.141592653589793,0.11532396904804121,0.10052834014687623,2.161418370437774,7.999680042825525e-05,7.999345221753161e-05
3.141592653589793,0.11532396904804121,0.10052834014687623,2.161418370437774,7.999680042825525e-05,7.999345221753161e-05
3.141592653589793,0.1316549613100515,0.10052834014687623,2.161418370437774,7.999680042825525e-05,7.999345221753161e-05
3.141592653589793,0.1316549613100515,0.10052834014687623,2.161418370437774,7.999680042825525e-05,7.999345221753161e-05
3.141592653589793,0.1479859535720618,0.10052834014687623,2.261944085816654,7.999680042825525e-05,7.999374321584398e-05
3.141592653589793,0.1479859535720618,0.10052834014687623,2.261944085816654,7.999680042825525e-05,7.999374321584398e-05
3.141592653589793,0.1643169458340721,0.10052834014687623,2.261944085816654,7.999680042825525e-05,7.999374321584398e-05
3.141592653589793,0.1643169458340721,0.10052834014687623,2.261944085816654,7.999680042825525e-05,7.999374321584398e-05
3.141592653589793,0.18064793809608243,0.10052834014687623,2.261944085816654,7.999680042825525e-05,7.999374321584398e-05
3.141592653589793,0.18064793809608243,0.10052834014687623,2.261944085816654,7.999680042825525e-05,7.999374321584398e-05
3.141592653589793,0.19697893035809272,0.10052834014687623,2.261944085816654,7.999680042825525e-05,7.999374321584398e-05
3.141592653589793,0.19697893035809272,0.10052834014687623,2.261944085816654,7.999680042825525e-05,7.999374321584398e-05
3.141592653589793,0.213309922620103,0.10052834014687623,2.261944085816654,7.999680042825525e-05,7.999374321584398e-05
3.141592653589793,0.213309922620103,0.10052834014687623,2.261944085816654,7.999680042825525e-05,7.999374321584398e-05
3.141592653589793,0.2296409148821133,0.10052834014687623,2.261944085816654,7.999680042825525e-05,7.999374321584398e-05
3.141592653589793,0.2296409148821133,0.10052834014687623,2.261944085816654,7.999680042825525e-05,7.999374321584398e-05
3.141592653589793,0.2459719071441236,0.10052834014687623,2.261944085816654,7.999680042825525e-05,7.999374321584398e-05
3.141592653589793,0.2459719071441236,0.10052834014687623,2.261944085816654,7.999680042825525e-05,7.999374321584398e-05
3.141592653589793,0.26230289940613394,0.10052834014687623,2.261944085816654,7.999680042825525e-05,7.999374321584398e-05
3.141592653589793,0.26230289940613394,0.10052834014687623,2.261944085816654,7.999680042825525e-05,7.999374321584398e-05
3.141592653589793,0.27863389166814423,0.10052834014687623,2.261944085816654,7.999680042825525e-05,7.999374321584398e-05
3.141592653589793,0.27863389166814423,0.10052834014687623,2.261944085816654,7.999680042825525e-05,7.999374321584398e-05
3.141592653589793,0.2949648839301545,0.10052834014687623,2.261944085816654,7.999680042825525e-05,7.999374321584398e-05
3.141592653589793,0.2949648839301545,0.10052834014687623,2.261944085816654,7.999680042825525e-05,7.999374321584398e-05
3.141592653589793,0.3112958761921648,0.10052834014687623,2.261944085816654,7.999680042825525e-05,7.999374321584398e-05
3.141592653589793,0.3112958761921648,0.10052834014687623,2.261944085816654,7.999680042825525e-05,7.999374321584398e-05
3.141592653589793,0.3276268684541751,0.10052834014687623,2.261944085816654,7.999680042825525e-05,7.999374321584398e-05
3.141592653589793,0.3276268684541751,0.10052834014687623,2.261944085816654,7.999680042825525e-05,7.999374321584398e-05
3.141592653589793,0.3439578607161854,0.10052834014687623,2.261944085816654,7.999680042825525e-05,7.999374321584398e-05
3.141592653589793,0.3439578607161854,0.10052834014687623,2.261944085816654,7.999680042825525e-05,7.999374321584398e-05
3.141592653589793,0.36028885297819574,0.10052834014687623,2.261944085816654,7.999680042825525e-05,7.999374321584398e-05
3.141592653589793,0.36028885297819574,0.10052834014687623,2.261944085816654,7.999680042825525e-05,7.999374321584398e-05
3.141592653589793,0.37661984524020603,0.10052834014687623,2.261944085816654,7.999680042825525e-05,7.999374321584398e-05
3.141592653589793,0.37661984524020603,0.10052834014687623,2.261944085816654,7.999680042825525e-05,7.999374321584398e-05
3.141592653589793,0.3929508375022163,0.10052834014687623,2.261944085816654,7.999680042825525e-05,7.999374321584398e-05
3.141592653589793,0.3929508375022163,0.10052834014687623,2.261944085816654,7.999680042825525e-05,7.999374321584398e-05
3.141592653589793,0.4092818297642266,0.10052834014687623,2.261944085816654,7.999680042825525e-05,7.999374321584398e-05
3.141592653589793,0.4092818297642266,0.10052834014687623,2.261944085816654,7.999680042825525e-05,7.999374321584398e-05
3.141592653589793,0.4256128220262369,0.10052834014687623,2.261944085816654,7.999680042825525e-05,7.999374321584398e-05
3.141592653589793,0.4256128220262369,0.10052834014687623,2.261944085816654,7.999680042825525e-05,7.999374321584398e-05
3.141592653589793,0.4419438142882472,0.10052834014687623,2.111152887980338,7.999680042825525e-05,7.999344867485193e-05
3.141592653589793,0.4419438142882472,0.10052834014687623,2.111152887980338,7.999680042825525e-05,7.999344867485193e-05
3.141592653589793,0.45827480655025754,0.10052834014687623,2.111152887980338,7.999680042825525e-05,7.999344867485193e-05
3.141592653589793,0.45827480655025754,0.10052834014687623,2.111152887980338,7.999680042825525e-05,7.999344867485193e-05
3.141592653589793,0.47460579881226783,0.10052834014687623,2.111152887980338,7.999680042825525e-05,7.999344867485193e-05
3.141592653589793,0.47460579881226783,0.10052834014687623,2.111152887980338,7.999680042825525e-05,7.999344867485193e-05
3.141592653589793,0.4909367910742781,0.10052834014687623,2.111152887980338,7.999680042825525e-05,7.999344867485193e-05
3.141592653589793,0.4909367910742781,0.10052834014687623,2.111152887980338,7.999680042825525e-05,7.999344867485193e-05
3.141592653589793,0.5072677833362884,0.10052834014687623,2.111152887980338,7.999680042825525e-05,7.999344867485193e-05
3.141592653589793,0.5072677833362884,0.10052834014687623,2.111152887980338,7.999680042825525e-05,7.999344867485193e-05
